idx,유저,챗봇
1,히팅 서포터 무릎용은 1개 구매하면 양 무릎용 2개가 오는 건가요 아니면 2개를 낱개로 사야 함?,수량을문의하신 상품은 2개로 구매해 주셔야 양쪽 무릎에 사용 가능해요.
2,더블 미니로 몇 개 구매하려고 보니 그 새 품절되었네요 재입고는 언제인가요?,상품은 재생산 일정이 아직은 정해지지 않아 입고 일을 말씀드릴수 없는 점 양해 부탁드려요.
3,발핫팩은 언제 구입할수 있나유?,상품은 재생산 일정이 아직은 정해지지 않아 입고 일을 말씀드릴수 없는 점 양해 부탁드려요.
4,배송 언제되는 건가요?,주문하신 상품 금일 정상 출고될 예정이에요.
5,이 거 너무 뜨거운데 혹시 주먼 속에 넣어두면 타지 않을까요?,핫팩의 제품 특성 자체가 정밀한 회로로 구성된 전자제품이 아니다라는 점을 양지해 주시길 바라며 화학반응으로 작동되는 건전지와 비슷하다고 보시면 될 것 같습니다.
6,,
7,배송 바로 되나용?,주문하신 제품은 금일 정상 출고되었어요. 대부분 익일배송이 완료되어 나 택배사의 사정에 의해 지연이 될수도 있어요.
8,미니 형 붙이는 건가요?,더블 미니 핫팩은 주머니 형 핫팩입니다.
9,배송사 어딘지요?,저희는 oooo를 이용하여 출고하고 있어요.
10,배송사가 어디인가요?,주문하신 제품은 oooo 택배를 통하여 금일 정상 출고되었어요.
11,파스형 중 하나를 구매한 건 중에 일반형으로 하나 바꿔서 보내주실수 있을까요?,주문하신 제품은요청하신 대로수정하여금 일정상 출고되었어요.
12,지금 구매하면 제조년은 17년이죠?,저희 ooo은 매년 새롭게 제조된 상품만 판매하고 있어요. 현재 출고되는 전 제품 2017년 8월 이후 제조된 신형 제품입니다.
13,,
14,내일 받고 싶은데 배송 마감 시간이 언제인가요?,평일 오후 2시 입금 확인 건까지 당일 배송이 원칙이며 당일 주문량에 따라 시간은 조정될수도 있어요.
15,혹한기용하고 일반용하고 주문 결제 따로 했는데 묶어서 빠른 배송 가능한가요?,주문하신 상품 묶음배송으로 발송 처리해드릴게요. 금일 발송될 예정이오니 참고 부탁드립니다.
16,군부대 사서함 배송 가능한가요?,저희는 oooo를 사용하고 있으며 전국 군부대로의 배송이 가능해요.
17,,
18,11월 6일 오후 1시40분 결제했습니다 금일 발송 가능한 지 궁금해요?,주문하신 상품 금일 정상 출고될 예정이에요.
19,,
20,발핫팩은 입고 안 되나요?,발 핫팩은 현재 생산 중에 있으며 11월 중순에 출시될 예정이에요.
21,4번 총 40개인 거죠?,ooo 더블 미니형 핫팩은 2PCS 20매총 40PCS 입니다.
22,최근에 생산된 거죠?,현재 출고되는 제품은 2017년 8월 이후 새롭게 생산되어진 신제품으로만 출고되고 있어요.
23,흔들지 않고 포장을 뜯으면 바로 발열이 시작되는 제품인가요?,우선 핫팩의 발열 원리에 대해 말씀드리자면 밀봉되어진 외부 봉투를 개봉하면서 부직포 내의 철 성분이 공기 중의 산소와 결합하여 일어나는 산화반응을 통해 발열이 되어집니다.
24,발핫팩은 언제 재입고되나요?,ooo 곰도리 발난로 핫팩은 11월 중순 출시 예정이에요.
25,핫팩 유통기한은 언제까지 인가요?,저희 ooo은 언제나 매해 새롭게 제조된 제품만 출고해오고 있어요. 이월상품을 단 한 번 도 전년도 출고한 적이 없얻요.
26,넥워머 2성인용 챠콜은 언제 들어오나요?,상품은 생산분이 모두소진되어 재입고는 예정이 없으니 양해 부탁드려요.
27,,
28,무릎 보호대는 한 세트가 하나예요?,무릎 보호대는 1개를 구매하시면 한쪽 무릎에만 사용하실수 있으며 양쪽으로 사용하실 경우 2개로 구매해 주셔야 합니다.
29,다음 주수요일까지 배송 가능할까요?,주문하신 제품은 금일 정상 출고 예정이에요. 오늘도 좋은 하루 되세요.
30,군인 아들에게 보낼려고 하는데 어떤 제품을 보내야 함?,핫팩의 지속시간과 크기에 따라 사용하시는 용도에 맞게 핫팩을 선택해주시면 좋을 듯합니다.
31,상품받았습니다. 제조년 월일별도표기라고 되어 있는데 어디에 표기되어 있다는 건가요?,제조일은 제품마다 날짜가 찍혀 있으니 핫팩의 비닐 포장 아래쪽을 살펴봐 주시기 바랍니다.
32,"상품받았는데, 제조년월이 어디에 찍혀 있을까요?",일반형 핫팩의 경우 10매입 포장지의 아래면을 살펴봐 주시면 제조일자가 표기되어 있어요.
33,"배송 추적 눌러보면 운송장이 조회가 안 되는 운송장이라고 나오는데 어제부터 이 상태던데, 어떻게 된 걸까요?",저희 측에서는 정상 출고가 진행되었으나 택배사 분류 및 발송 과정에서 누락이나 분실 등이 있었던 것으로 추정됩니다.
34,올해 주문한 핫팩이 많이 남아 있는데 유통기한이 어떻게 되나요?,제품의 사용기한은 표기된 제조일로부터 3년이며 보관하실 때는 밀봉된 비닐 포장의 밀봉 상태를 잘 보존해 주셔야 합니다.
35,발팩 있죠?,상품은 이번 겨울 생산분이 모두소진되어 재입고는 어렵다는 점 양해 부탁드려요.
36,지금 주문했는데 언제쯤 받아볼수 있을까요?,주문하신 제품은 금일 정상 출고되었어요. 주말 인 관계로 택배사의 분류 및 배달과정에서 지연이 없다면 월요일쯤 받아보실수 있을 거라 생각됩니다.
37,곰돌이 발 핫팩 재입고 언제 될까요?,상품은 올해 생산분이 모두소진되어 재입고는 어렵다는 점 양해 부탁드려요.
38,,
39,발핫팩은 완전품절인가요?,상품은 올해 생산분이 모두소진되어 재입고는 어렵다는 점 양해 부탁드려요.
40,발바닥 핫팩은 품절이네요?,발난로 핫팩은 올해 생산분이 모두소진되어 재입고는 어렵다는 점 양해 부탁드려요.
41,오늘 핫팩을 받앗는데 2017. 2. 01이라고 되어 잇면 그저께 제조한 제품이란 말인가요?,저희 ooo은 언제나 최신 제품으로만 출고하고 있어요. 고객님께서 확인하신 날짜는 제조일자가 맞으며 생산 즉시 출고된 상품을 받아보셨습니다.
42,두번 주문했는데 핫팩 봉지에 찢는 부분이 없어서 불편하던 데 원래 그렇게 제작된 건가요?,핫팩이 대량으로 기계 생산이 되는 부분으로 칼날이 무디어져 자르는 곳의 표시가 되지 않았던 부분인 것 같습니다.
43,설마분실이거나 발송 안 된 던 아니죠?,현재 송장조회상 고객님의 주소지역으로 상차 스캔이 되어 있는 것을 확인했습니다.
44,,
45,남동생 혹한기 전에 보내주려고 하는데 오늘 주문하면 목요일 안으로 배송 가능한가요?,금일은 택배 배송 마감으로 오늘 결제하신 주문건은 내일 오전 출고되오나 설날 명절로 인해 택배 물량이 증가하여 배송이 지연될수 있으니 참고 부탁드립니다.
46,무슨 택배사로 배송될까?,ooo은 oooo 택배로 배송되어 지니 참고 부탁드립니다.
47,,
48,방금 시켰는데 내일까지 받아보기는 힘들까요?,현재 송장조회상 고객님의 주소지역으로 상차 스캔이 되어 있는 것을 확인했습니다.
49,,
50,,
51,뜯었을 때 물기가 있는데 왜 이런 거죠?,우선 핫팩 제조 과정에 대해 말씀드리자면 활성탄 기타 자재들을 철분 및 배합하여 부직포 내에 넣어 제품이 제작되어지는데 이 과정에서 산화현상으로 발열이 시작되어집니다.
52,넥워머 차콜성 인용입고 예정 없겠죠,상품은 올해 생산분이 모두소진되어 재입고는 어렵다는 점 양해 부탁드려요.
53,,
54,"무릎 보호대가 품절이던데, 언제쯤 입고될까요?",상품은 올해 생산분이 모두소진되어 재입고는 어렵다는 점 양해 부탁드려요.
55,,
56,급하게 필요하여 구매하였는데 바쁘시겠지만 내일까지 받을수 있을까요?,주문하신 제품은 금일 정상 출고 예정이에요. 대부분 익일배송이 되어 지나 택배사의 분류 및 배달과정에서 지연이 있을수 있어요.
57,,
58,방금 주문했어요. 금요일까지 받을수 있을까요?,주문하신 상품 금일 정상 출고될 예정이오니 참고 부탁드립니다.
59,결재도 했구요 제가 급해서 그러는데 오늘 발송이 될까요?,주문하신 상품 금일 정상 출고될 예정이오니 참고 부탁드립니다.
60,,
61,ooo oo로 받아볼수 있을까요?,저희는 oooo를 사용하고 있으며 전국 군부대로의 배송이 가능합니다만 ooo oo 발송은 불가합니다.
62,몇 개에 10800원이라는 말씀이죠?,핫팩의 종류별로수량이 다르답니다. 일반형 핫팩은 30매 혹한기형 핫팩은 15매 파스형 핫팩은 20매 등 등 옵션 선택 하시며 수량을핫팩의 종류별로 확인하실수 있으니 확인 부탁드립니다.
63,곰돌이 발 핫팩 품절인데 언제 들어와요?,발난로 핫팩은 다음주 정도 재입고될 예정이오니 참고 부탁드립니다.
64,일부러 더 싼 거안 사고 이거 샀는데 이번 겨울 참 힘들게 보내고 있네요. 이런 물건 파시 고양심에 안 찔리세요?,주문하신 제품은 올해 생산된 신형 제품으로 출고되었으며 제품 내에 제조일자가 표기되어 있으니 제품 확인 부탁드립니다.
65,,
66,,
67,발핫팩 품절인데 언제 입고되나 영?,발난로 핫팩은 재입고 일정이 확인되바가 없어 안내해드리기 어렵습니다.
68,,
69,토요일에 배송 나갈수 있나요?,주문하신 상품 금일 정상 출고될 예정이오니 참고 부탁드립니다.
70,발핫팩이랑 일반형 시켰는데 일반은 굉장히 뜨겁고 만족하는데 발핫팩은 하나도 안 따뜻해요원래 이런 건가요 아님 불량인 건가요?,우선 핫팩의 발열 원리에 대해 말씀드리자면 밀봉되어진 외부 봉투를 개봉하면서 부직포 내의 철 성분이 공기 중의 산소와 결합하여 일어나는 산화반응을 통해 발열이 되어집니다.
71,상품에 이상이 생겨서 그런 걸까요?,현재 송장조회상 고객님의 주소지역으로 하차 스캔이 되어 있는 것을 확인했습니다.
72,혹시 택배사가 어디인가요?,저희는 oooo를 사용하고 있으며 전국 군부대로의 배송이 가능해요.
73,초대형 핫팩 언제 입고되겠죠,초대형 캠핑용 핫팩은 재입고가 어려울 것으로 보입니다.
74,넥워머 챠콜은 더 안 들어오나요?,넥워머 차콜과 무릎보호대는 이번 년도 생산분이 모두소진되어 재입고는 어렵습니다.
75,ooo더블 미니언제 재입고됩니까?,더블 미니 핫팩은 현재 품절이 오며 다음 주 중으로 재입고 예정이에요.
76,,
77,공항 반입도 될까?,실제 공항 반입 여부에 대해서는 저희가 정확히 알지는 못합니다. 하지만 해외여행 시 잘 사용했다는 후기들은 많이 있어요.
78,더블 미니 재입고 언제 되져?,더블 미니 핫팩은 현재 품절이 오며 다음 주 중으로 구매 가능하답니다.
79,,
80,허리 찜질 보호대는 언제 입고되겠죠,현재 허리보호대 재입고되어 구매하실수 있어요. 다시 한 번 확인 부탁드립니다.
81,,
82,파스형은 어떻게 해야 따뜻해지는 거예요?,파스형 제품은 일반 손난로 제품과는 달리 은은한 열이 지속적으로 나도록 설계되었어요.
83,봉투가 약간 훼손되어져 있고 내부 10장이 8장밖에 안 보이네요. 어떻게 하면 좋을까요?,전 화상으로 안내해드렸습니다.
84,진짜 짜증나서 주소도 두군데 따로 보내라고수취인 똑바로 안 써주고 뭔가요?,요청사항을발주 사원이 잘못 이해하여 단순히 주소 변경 건으로 오인하여 단순히 주소만 변경한 것으로 확인됩니다.
85,손에 들고 있으니 손톱 사이에도 살짝 끼구 컴퓨터 키보드에도 가루가 흘렀어요 불량인가요?,우선 KC인증시험성적서상의 지속시간 측정 방법에 대해 설명드리자면 항온 항습이 유지된 황온수조에서 아무런 외부요인이 없이 테스트가 진행됩니다.
86,핫팩가루가 겉으로 묻어나올수 있나요?,우선 KC인증시험성적서상의 지속시간 측정 방법에 대해 설명드리자면 항온 항습이 유지된 황온수조에서 아무런 외부요인이 없이 테스트가 진행됩니다.
87,작년 꺼랑재질이 바꼇나 봐요?,ooo 2016년 형제품은 일본 ooooooo의 나 이론부 직포를 직수입하여 제작되었어요.
88,손목히터서포터 두개 교환 보냈는데 아직 안 받으셨나여?,전 화상으로 안내해드렸습니다.
89,배송 언제 즘 해주시니,주문하신 상품 하자 없는 상품으로 신경 써서 보내드릴게요. 금일 정상 출고되오니 참고 부탁드립니다.
90,,
91,재질이 부직포인 가요?,ooo 2016년 형제품의 부직포는 일본 ooooooo의 나 이론부 직포를 직수입하여 제작되었어요.
92,히팅 서포터 문의 엄마께서 팔뚝이 너무 시렵다 하셔서 팔뚝에 찜질하려면 어떤 타입을 구매해야 되나요?,히팅 서포터의 타입은 상세 페이지에 나와 있는 사이즈 등을 확인하시어 구매해 주시면 좋을 듯합니다.
93,별로 아뜨신데 완전 뜨거워질 때까지 흔들어야 할까요?,우선 KC인증시험성적서상의 지속시간 측정 방법에 대해 설명드리자면 항온 항습이 유지된 황온수조에서 아무런 외부요인이 없이 테스트가 진행됩니다.
94,30일부터 배송 중이라 되어 있긴 한 데 리뷰도 보면 28일 이후부턴 올라온 게 없구 오늘 받아볼수 있는 거겠죠?,배송이 지연되는 점 양해 부탁드려요. 오늘도 좋은 하루 되세요.
95,,
96,오늘 발송되지,주문하신 제품은 금일 정상 출고되었어요. 대부분 익일배송이 되어 지나 택배사의 분류 및 배달과정에서 간혹 지연이 있을수는 있어요.
97,KC인증마크가 제품 박스에는 안 보이는데 확인할 방법이 없나유?,멜트 블로운 필터 맞아요. 멜트 블로운 인증서 받은 것이 아니고 완제품 시험 성적서 받은 것으로 현재 페이지수정 중입니다.
98,마스크 색상 화이트 맞아요?,블루 색상이며 화이트 색상으로 출고되는 경우도 있어요.
99,,
100,,
101,,
102,상품화면과 같나요?,네 같은 제품입니다.
103,언제쯤 받을수 있을까요?,16일 배송 완료입니다.
104,박스이 일어와 여자 그림인 제품인 건가요?,석면 검출마스크와는 다른 제품입니다. 상세 이미지 확인 부탁드립니다.
105,벌크 포장이죠?,1박스에 50개 있는 제품이며 상자 포장으로 배송됩니다. 배송은 현재 당일 배송 진행 중입니다.
106,개인 통관부호 입력해야 하는 건가요?,해외 배송 아니라 국내 배송제품입니다. 통관부호 입력하지 않으셔도 됩니다.
107,오늘 주문하면 늦어도 언제까지 받을수 있을까요?,정말 죄송하게도 금주 출고는 모두마감되었어요. 금일 오후부터 주말 주문건은 월요일부터 순차 출고 진행됩니다.
108,,
109,언제 발송되나요?,3월 17일 이후 출고 예정이에요.
110,물량받아볼수 있을까요?,3월 17일 이후 출고 예정이에요.
111,제품이 성인용 인가요?,성인용으로 제작된 제품입니다.
112,배송이 언제쯤 될까요?,3월 17일 이후 출고 예정이에요.
113,언제쯤 받을수 있는 건가요?,결제일로부터 7일 이내로 출고 진행될 예정이며 송장번호 등록 이후 1 - 3일 이내로수령 가능하십니다.
114,판매자님. 상품이 각각 개별 포장인가요?,10매 50매씩 포장되어 판매되는 제품이며 충분한 재고 입고 진행 중에 있어요.
115,,
116,다른 분들께서 믿고 사용할수 있는 안전한 제품인지를 묻는 말에 판매자님께선 왜 동문서답을 하시나유?,안전한 제품입니다.
117,마스크 구매했는데 재고가 있는 검니까?,상품 페이지의 배송 출발일 확인 부탁드립니다 3월 20일 이후 출고 예정이에요.
118,지금 주문했는데 1 - 3일 내로 국내 배송 가능한 거 맞죠?,판매 페이지에 등록된 출고 예정일 확인 부탁드립니다.
119,냄새가 많이 나서 못 쓰겠다는 분들도 있던 데 냄새가 정말 많이 나져?,마스크 냄새는 거의 없얻요.
120,개별 포장인가요?,개별 포장으로 출고는 어렵습니다. 구매수량에 따라 50매씩 /10매씩 포장됩니다.
121,"파란색이 바깥쪽이고 흰색 쪽이 안으로 가게 착용해야 한다고 했는데, 안과 바깥을 이것은 어떻게 구별해야 하는지요?",마스크 이어밴드가 안쪽으로 가게 사용하시면 됩니다.
122,3/13 도착 가능한가요?,상품 페이지의 배송 출발일 확인 부탁드립니다 3월 20일 이후 출고 예정이에요.
123,현재 판매하는 맬트 브로운 마스크는 흰색은 없나유?,마스크 색상 선택은 어렵습니다. 기본적으로 블루 색상으로 출고되며 입고 시기나 상황에 따라 화이트로 출고될수도 있어요.
124,의료용 마스크가 맞는지요?,일회용 마스크이며 중국 절강성 지역에서 생산되었어요.
125,현재 판매 중인 멜로브로운 필터 마스크 새로 입고된 제품인가요?,멜로블로운 필터 마스크입니다. 중국 생산제품으로 KC인증 마스크입니다.
126,4번 상품 아이들 쓰고 있는데 아래 질문 글보니 문제 있는 제품인 건가요?,구매해주신 제품은 해당 문제 있는 제품과 전혀 관계없는 제품입니다.
127,이게 원래 중국 제품 하나 보내주는 건가요?,구매해주신 상품 옵션 확인 부탁드립니다. 1개씩 판매되는 제품이며 150매는 메인 판매 제품이었던 현재는 품절된 상품 관련입니다.
128,,
129,내부 교체용 필터는 추가로 따로 구매할수 없지,필터는 판매하지 않고 있는 점 양해 부탁드리며 필터의 교체 주기는 일회용으로 의 사용을 권장하고 있어요.
130,배송 언제 되지요,갑작스런 주문 폭주로 인하여 순차적 출고를 진행 중에 있으나 택배사의 물량 증가로 인한 상품 상하차에 지연 도 발생하고 있으며 전체수작업으로 포장이 진행되다보니 지연이 발생하고 있어요.
131,,
132,,
133,일본 제품인가요?,중국에서 만들어진 제품입니다.
134,원산지는 국내 인가요?,원산지 중국입니다.
135,당일 배송 가능한 제품인가요?,ooo에서는 평일 오후 4시까지 결제 완료된 주문건은 당일에 출고되고 있어요.
136,허리 찜질 보호대 언제 재입고되요?,ooo히팅 서포터 허리 전용 제품은 이번 주말 정도 입고 예정이에요. 아마도 다음 주부터 구입이 가능하실 것 같습니다.
137,혹시 핫팩 물 빠짐 있을까요?,물 빠짐이라는 건 없얻요. 하지만 부직포 인쇄 원단의 특성상 과도한 사용시까지 보장해드릴수는 없얻요.
138,넥워머 구입하고 싶은데 언제 입고되니,ooo넥 워머차콜 상품은 현재 품절입니다. 원단 발주에만 40일 이상이 소요되는 제품으로 금년 시즌에 재판매는 어려움이 있어요.
139,허리 보호대 재입고 언제 되지,ooo히팅 서포터 허리 전용 제품은 이번 주말 정도 입고 예정이에요. 아마도 다음 주부터 구입이 가능하실 것 같습니다.
140,허리 보호대 재입고 안되니,현재 허리보호대의 재입고는 다음 주말 정도로 잡혀 있어요. 아마도 다다음 주부터 구입이 가능하실 것 같습니다.
141,,
142,성인 넥 워머차콜 언제 입고됩니까?,넥워머 차콜은 이번 시즌 생산분이 모두소진되어 재입고가 어려우니 참고 부탁드립니다.
143,더블 미니형은 한 포장에 두개가 들어있는 건지 따로 하나씩 포장되어 있는 건지요?,더블 미니 핫팩은 1PCS 에 두개가 포장되어 있으며 한 포장이라 해도 포장이 두개가 나뉘어 있어서 하나씩 따로 사용하실수 있답니다.
144,방금 주문했는데 당일 발송되지요,주문하신 상품 금일 정상 출고되오니 참고 부탁드립니다.
145,방금 주문했는데 내일 받을수 있나요?,주문하신 상품 금일 정상 출고되오니 참고 부탁드립니다.
146,미니 핫팩 총 40개 맞나요?,상세 설명 페이지 확인을 제품 스펙 확인은 부탁드립니다. 더블 미니 핫팩은 2개입 20매 총갯수 40개입니다.
147,넥워머성 인용 차콜은 언제 입고되나요?,넥워머 차콜은 이번년도 생산분이 모두소진되어 다음 시즌에 입고될 예정이에요.
148,늦어도 월요일엔 배송될 줄 알았는데 아직도 출고가 안 됐네요 언제 배송 출고되나여?,허리보호대 입고 완료되었어요. 기다려주신 만큼 이상 없는 제품으로 금일 정상 출고하겠습니다.
149,발핫팩은 언제 입고되겠죠,발 핫팩은 11/22일 출시 확정으로 구매 가능하오니 참고 부탁드립니다.
150,넥워머 차콜 언제 재입고됨?,ooo 넥 워머 제품은 원단수급에만 40일 정도가 소요됩니다. 원단수급 후 제품 제작까지는 많은 시일이 소요되어 이번 시즌 내 재출시는 어렵습니다.
151,히팅 서포터 허리형 재입고는 언제 됩니까?,히팅 서포터 허리보호대는 재입고는 다음 주 중반 이후가 될 것으로 예상되오니 참고 부탁드립니다.
152,군대에 있는 아이에게 언능보내고 싶은데 발전용 핫팩은 예약 불가인가요?,발 핫팩은 이번 주말이 지나면 구매 가능할 것으로 예상되며 예약은 불가하오니 참고 부탁드립니다.
153,이번 광화문 촛불집회 때 시민들에게 나누어드리고자 합니다 제가 금요일까지 받을수 있을까요?,주문하신 제품은 금일 정상 출고되었어요. 하지만 택배 사내 분류 및 배달과정에서 딜레이가 있을수는 있어요.
154,팔목 보호대나 무릎보호대는 한짝의 가격인가요?,ooo히팅 서포터는 1매입입니다. 양쪽으로 사용하시려면 2개 구입하셔야 합니다.
155,핫팩쓰다 보면 가루가 묻어나오던 데이건 안 묻어남?,우선 핫팩의 발열 원리에 대해 말씀드리자면 밀봉되어진 외부 봉투를 개봉하면서 부직포 내의 철 성분이 공기 중의 산소와 결합하여 일어나는 산화반응을 통해 발열이 되어집니다.
156,일반형 핫팩 파스형 핫팩 한 팩씩 사고 결제 완료했어요. 하자 없는 상품으로 보내주시고 오늘 출고되는 거죠?,주문하신 상품 빠짐없이 체크하여 보내드릴게요. 금일 정상 출고되오니 참고 부탁드립니다.
157,,
158,넥워머 차콜성 인용 언제 입고되지요,넥워머 차콜성 인용은 현재 품절입니다. 정확한 입고 일정은 확인되지 않았습니다.
159,발핫팩은 언제쯤 입고 되쥬?,ooo 발 난로형 핫팩은 11월 중순 이후부터 입고 예정이에요. 너그러이 이해 부탁드립니다.
160,,
161,허리밴드는 품절인데 언제 입고되나요?,현재 ooo 히팅 서포터는 품절 상태입니다. 정확한 입고 일정은 확인되지 않았습니다.
162,방금 구매했는데 배송은 언제 받을수 있나여?,주문하신 상품 금일 정상 출고되며 배송추적을 배송 도착은 통해 참고 부탁드립니다.
163,4번 미니 구매하고 싶은데요금방 따뜻해 지나여?,4번 더블 미니 핫팩의 발열은 사용법에 따라 조금 다르긴 하지만 일반형과 혹한기 핫팩 등과 같이 발열되는 시작은 비슷하며 핫팩의 용량 차이만 있답니다.
164,히팅 서포터 허리 찜질 보호대랑발 핫팩은 언제쯤 입고가 될까요?,허리보호대는 입고 예정일이 미정이며 발핫팩은 11월 중으로 입고 예정이니 참고 부탁드립니다.
165,발송 어느 택배인가요?,ooo은 oooo로 배송되어 집니다.
166,낼 받을수 있을까요?,주문하신 상품 금일 정상 출고되오나 배송추적을 배송 도착은 택배 사지연 등으로 통해 확인하실수 있으니 참고해 주세요.
167,ooo 파우치는 판매 안 하시져?,ooo핫 파우치는 현재 모두품절 상태입니다. 너그러이 이해 부탁드립니다.
168,,
169,인체에 무해 함?,KC인증을 유해물질 불검출로 받았으며 국제규격 ISO14001 인증을 받은 제품입니다.
170,군용이라고 하셨는데 그럼 혹시 군대에 보내줄수 있는 제품인가요?,저희는 oooo를 사용하고 있으며 전국 군부대로의 배송이 가능해요.
171,무릎 보호 대한개의 가격인가요?,무릎 보호대를 구매하시면 1개를 받아보실수 있어요. 무릎 양쪽으로 사용하시려 한다면 2개를 구매해 주시면 된답니다.
172,이제 11월인데 발핫팩은 아직 인가요?,발 핫팩은 현재 생산 중에 있으며 11월 중순 이전에 출시될 예정이에요.
173,,
174,배송사가 어디인가요?,ooo 제품은 oooo 택배로 발송되오니 참고 부탁드립니다.
175,현재 품절상품인 발핫팩하고 판매 중인 더블 미니 핫팩하고 차이점이 뭔가요?,부착을 더블 미니와 발핫팩의 첫 번째 차이점은 할수 있고 없고의 차이가 있어요.
176,허리 찜질 보호 대구매하려고 하는데 핫팩은 구성품에 포함되어 있나여?,히팅 서포터 허리보호대는 핫팩을 별도로 구매하셔야 하는 상품입니다. 삽입되는 핫팩의 종류는 일반형 핫팩이며 한 번에 3개까지 삽입이 가능한 점 참고 부탁드립니다.
177,,
178,발핫팩 11월 초 정도에는 주문 가능할까요?,우선 ooo 핫팩에 대한 관심에 감사드립니다. 현재 발난로형 핫팩은 11월 초에서 중순 사이에 출시되어 질 예정이에요.
179,발핫팩 언제 다시 입고 예정인 가요?,발 핫팩은 현재 생산 중에 있으며 11월 중으로 판매 시작될 예정이에요. 발 핫팩을 기다리게 해드리는 점 양해 부탁드려요.
180,6번 캠핑용은 10개 세트인 가요?,핫앤힛 압니다. 초대형 캠핑용은 10개가 한 셋트로 13 800원입니다.
181,,
182,발핫팩은 언제 재입고되죠?,현재 발핫팩이 생산되고 있어 재입고 예정은 10월 말 정도이니 구매에 참고 부탁드립니다.
183,,
184,방금 주문했는데 오늘 출고 가능한가요?,주문하신 제품은 금일 정상 출고 예정이에요.
185,점점 추워지는데 발난로 이번에 나오겠죠,문의 주 신발 난로 핫팩은 현재 생산 중에 있답니다. 이번 겨울에 사용하실수 있도록 최선을 다하고 있으니 시일이 조금 걸리는 점 양해 부탁드려요.
186,좀 전에 주문했는데 혹시 내일 받을수 있을까요?,주문하신 상품은 오늘 정상 출고 처리됨을 알려드리며 대부분 익일에 도착하지만 택배사의 사정으로 상품도착일이 늦어질수도 있는 점 양해 부탁드려요.
187,지금 구입해도 최근 제조일로 보내주시겠죠,현재 출고되는 제품은 모두2016년 8월 이후 생산된 신형 제품입니다.
188,,
189,,
190,발핫팩 언제 재입고됩니까?,ooo 핫 팩을 우선 언제나 구입해주셔서 깊이 감사드립니다. 다음 시즌에 제품 개선을 통해 좀 더 향상된 제품으로 출시하기 위하여 현재 발난로 형 제품은 추가 생산을 하지 않고 있어요.
191,,
192,게시판 확인도 안 할 거면서 왜 만든 거요?,우선 죄송하다는 말씀 먼저 드립니다. 게시판 확인을 미처 하지 못한 상태에서 제품이 출고되어 주소지 변경을 못해드렸습니다.
193,발송도 안 하고 송장등록만 해놓으셨나요?,주문하신 제품은 출고가 완료되어 현재 배달 중입니다. 주문량이 많아 출고가 조금 지연되었어요.
194,언제 배송됩니까?,주문하신 제품은 출고가 완료되어 현재 배달이 완료된 것으로 조회됩니다. 주문량이 많아 출고가 조금 지연되었어요.
195,,
196,물건마다 다를수잇나유?,ooo을 우선 언제나 구입해주셔서 감사드립니다. 현재 급작스런 추위로 인해 주문량이 급증하여 주문 순서대로 순차적으로 출고되고 있어요.
197,발핫팩 언제 입고 대니,현재 곰돌이 발핫팩 2016년형은 모두판매되어 품절입니다. 추워진 날씨로 인해 일반형 핫팩의 주문량이 급증하여 생산후 바로 출고되고 있어요.
198,배송문의 핫팩 총 3개 출고 예상 시간이 몇 시쯤인가요?,주문하신 제품은 금일 정상 출고되었어요.
199,손난로 만드는 업체가 바꼈나여?,현재 신형기계에서 생산된 제품으로 출고되고 있어요. 불량율을 더욱 줄이고 발열량을 더욱 높일수 있는 방법으로 제작되었어요.
200,군대로 군대에 있는 친구 보내주려 하는데 ooo oo로 배송이 되나여?,저희는 oooo내 물류센터에서 출고되기에 우체국발송은 불가합니다.
201,,
202,급해서요 지금방금 주문했는데요오늘 발송이 가능할 런지요?,주문하신 제품은 금일 정상 출고 예정이에요.
203,무릎 서포터 구매했는데 원래 한 개 들어 있음?,히팅 서포터 무릎용은 1개 입입니다. 양쪽으로 사용하시려면 2개 구입하셔야 합니다.
204,발핫팩 그림에는 품절인데 주문 옵션에는 결제까지 되는데 이거 상품이 오쥬?,죄송하게 도 발 난로형 핫팩은 현재 품절입니다. 너그러이 이해 부탁드립니다.
205,참 보통 몇 년까지 사용할수 있을까요?,주문하신 건은 오늘 중 정상 출고되어 내일 중 배달 예정이에요. 제조일자는 최근 생산된 제품이며 유통기한은 제조일로 3년입니다.
206,지금 결제했습니다 오늘 발송되지요,주문하신 건은 오늘 중 정상 출고되어 내일 중 배달 예정이에요. 오늘도 좋은 하루 되세요.
207,디자인이 바꼈지요,현재 신형기계에서 생산된 제품으로 출고되고 있어요. 불량율을 더욱 줄이고 발열량을 더욱 높일수 있는 방법으로 제작되었어요.
208,곰도리 발하팩 곰발바닥 언제쯤 살수 있나요?,ooo 곰도리 발 핫팩 2016년형은 모두판매되어 품절입니다. 다음 시즌에 보다 개선되 제품으로 찾아뵙겠습니다.
209,더블 미니 쓸 때 포장지를 개봉하고 하나를 먼저 쓰고 나중에 나머지 하나를 써도 괜찮은가요?,ooo 더블 미니형 핫팩은 2개가 따로따로 포장되어 하나씩 개봉해서 사용하시는 상품입니다.
210,발핫팩 언제 입고되나유?,ooo 곰돌이 발난로 2016년 형제품은 모두판매되어 품절입니다. 다음 시즌에 더욱 개선된 제품으로 찾아뵙겠습니다.
211,문의 발 핫팩 입고가 언제인가요?,ooo 곰돌이 발난로 2016년 형제품은 모두판매되어 품절입니다. 다음 시즌에 더욱 개선된 제품으로 찾아뵙겠습니다.
212,이거 너무 한 거 아닙니까?,우선 핫팩 제조 과정에 대해 말씀드리자면 활성탄 기타 자재들을 철분 및 배합하여 부직포 내에 넣어 제품이 제작되어지는데 이 과정에서 산화현상으로 발열이 시작되어집니다.
213,이 거 왜 이래요?,우선 핫팩 제조 과정에 대해 말씀드리자면 활성탄 기타 자재들을 철분 및 배합하여 부직포 내에 넣어 제품이 제작되어지는데 이 과정에서 산화현상으로 발열이 시작되어집니다.
214,배송 방금 결제 완료하였는데요출고 언제 되겠죠,주문하신 제품은 금일 정상 출고되었어요.
215,유통기한이요핫 팩 빨간색이나 초록색 유통기한이 얼마나 됩니까?,ooo 핫팩의 유통기한은 제조일로부터 3년입니다. 현재 출고되는 제품은 모두2015년 9월 이후 제조품입니다.
216,입금했는데 언제 발송될 가요?,주문하신 제품은 금일 정상 출고되었어요.
217,혹시 오늘 배송될까요?,주문하신 제품은 금일 정상 출고 예정이에요.요즘 크리스마스 시즌으로 인하여 택배 사물동량이 아주 많아 택배사 및 담당 배달 기사님의 스케줄 등으로 인해 지연이 있을수 있어요.
218,"올해도 어김없이 믿고 구매했는데 개봉을 아침에 하면 예전처럼 막미친 듯 뜨겁지도 않고, 점심시간쯤 되면 미지근해지며 퇴근 때는 아예 식 어서 사용할수도 없게 되더군요이거 왜 그런 건가요?",유통기한 내 의 제품에 문제가 발생 시 제조사인 저희 측으로 문의주시면 사실 파악 후 바로 처리해드리고 있어요.
219,,
220,70도 이하라고 하면 따뜻할 줄 알지 누가 이런 미지근한 열이 나는 줄 아나유?,저온화상의 우려로 인하여 KC 안전인증 기준상발열체의 온도가 70도가 넘어가면 불법 제품입니다.
221,,
222,,
223,,
224,갯수가 모자라요일반형 2개 신청해는 데 그럼 총갯수가 60개 되야 되지 않져?,금일재 출고하였습니다.
225,상품 혹한기 고급형은 손난로인 가요?,파스형과 발난로 형 제품만 붙이는 타입의 제품이며 나머지 제품은 모두손난로형 핫팩입니다.
226,파스형이 옷에 붙이면서 손을 떼면 떨어지는 게 말이 됩니까?,ooo 파스형 제품의 경우 부직포와 스티커를 일본에서 직접수입하여 제작하고 있어요.
227,한 개당 8시간 인가요?,표기된 시간은 개별 제품의 지속시간입니다. 산화반응을 이용한 제품이기에 사용환경 및 사용법에 따라 지속시간의 편차가 있을수 있어요.
228,발송 질문요. 토요일 도 택배 발송하실까?,발송처리를 겨울 시즌에는 토요일 도 해드리고 있어요.
229,일반 형 색상문의 작년에도 일반형 흰색으로 구매했었는데 올해도 주문 가능한가요?,흰색 부직포 상품은 더 이상 생산하고 있지 않아요. 너그렁이 이해 부탁드립니다.
230,,
231,,
232,발핫팩 제가 밖에서 구두신고 일하는데 발핫 팩 붙여도 효과가 있나요?,발난로형 핫팩의 두께감으로 인해서 너무 많은 활동을 하시는 분께는 추천 드리지 않아요.
233,파스형 파스형 붙이는 거 맨살에도 붙여도 괜찮나유?,파스형 핫팩은 절대 속옷 위에 붙여서 사용하셔야 합니다. 맨살에 바로 붙이시면 저온 화상의 위험이 굉장히 높습니다.
234,배송 택배는 어느 택배로 배송되나요?,oooo 택배와 계약되어 배송됩니다.
235,ooo 파스형 제조일자가 언제인가요?,현재 출고되고 있는 제품은 2016년 형제품이며 2015년 9월 이후 신규 생산분으로 출고되고 있어요.
236,"숙제하는 데 필요해서, 최대한 빠른 배송 부탁드립니다 이번 주에 받을수 있을까요?",주문하신 제품은 금일 정상 출고 예정이에요.
237,배송이 너무 느려요 제가 10월 31일 날 먼저 90개 구매하고 아는 동생에게 공유해서 같은 사이트에서 120개 11월 1일에 주문했는데 받는 주소지도 동일한데 어째서 제껀 아직 배송 중이고 동생 껀 오늘도착한 건가요?,주문하신 제품은 정상적으로 출고가 완료되었어요. 송장조회상 택배센터 내에서 2일간 머무르고 있는 것으로 조회됩니다.
238,보호대 개수가 궁금해서요양쪽 다 쓸려면 두개씩 주문해야 하나유?,ooo히팅 서포터는 1개입이며 양쪽으로 사용하시려면 2개 구입하셔야 합니다.
239,손목 보호 대구매 선택 창이 없네요구매하려 하는데 왜 선택 창이 없습니까?,ooo히팅 서포터를 우선 옵션에서 선택하신 후 손목 보호대를 선택하시면 됩니다.
240,핫팩 넣는 넥워머 언제 입고되지,언제나 ooo에 가져주시는 관심에 감사드립니다. 현재 정상적으로 구입하실수 있도록수정되었어요.
241,상품 개봉했더니 제품에 물이 많이 묻어 있네요 냄새도 좀 나고 왜 이런 거죠?,우선 핫팩 제조 과정에 대해 말씀드리자면 활성탄 기타 자재들을 철분 및 배합하여 부직포 내에 넣어 제품이 제작되어지는데 이 과정에서 산화현상으로 발열이 시작되어집니다.
242,군대사서함은 우체국만 받는다는데 여긷 그런가요?,저희는 oooo를 이용하고 있으며 전국 군부대로의 배송이 가능해요.
243,언제 배송됨?,고객님의 주문건은 12일 oooo 택배를 통해 정상 출고되었어요.
244,파우치는 구매가 안 되니,ooo핫 파우치는 ooo 핫 팩을 구입하시면서 추가로 구입하실수 있는 상품입니다.
245,,
246,군대로 군대로 바로 보낼려고 하는데 배송되쥬?,저희는 oooo를 이용하고 있으며 전국 군부대로의 배송이 가능해요.
247,핫팩 넣는 목하는 건 이제 없지,현재 기존 넥워머 상품은 전체 품절 상태이며 기존 넥워머의 단점을 보완한 신제품 넥워머2가 10월 중순 정도에 출시 예정이에요.
248,혹시요 1년 내내 구매 가능한 건가요?,ooo 핫팩은 1년 내내 구매가 가능하십니다. 오늘도 좋은 하루 되세요.
249,,
250,,
251,일반 형제조일자가 어떻게 되나요?,현재 출고되고 있는 일반형의 제조일자는 2015년 1월 이후 생산입니다.
252,사용기한질문이요 사용기한은 언제까지 인가요?,저희 ooo 핫팩의 유통기한은 제조일로부터 3년입니다. 제품 뒷면에 제조일자 표기되어 있어요.
253,핫팩에 물포장지 뜯었는데 물이 묻어 있었는데 불량품인가요?,우선 핫팩 제조 과정에 대해 말씀드리자면 활성탄 기타 자재들을 철분 및 배합하여 부직포 내에 넣어 제품이 제작되어지는데 이 과정에서 산화현상으로 발열이 시작되어집니다.
254,5. 곰돌이 발핫팩 추가 물량 언제 입고되나유?,우선 핫팩 제조 과정에 대해 말씀드리자면 활성탄 기타 자재들을 철분 및 배합하여 부직포 내에 넣어 제품이 제작되어지는데 이 과정에서 산화현상으로 발열이 시작되어집니다.
255,ooo 일반형 언제 입고되나여?,현재 일반형 핫팩은 정상적으로 구매하실수 있으며 품절된 파우치의 재고 입일자는 정해지지 않았습니다.
256,재입고 계획 있나요?,현재 곰도리발 핫팩은 품절 인 상태이며 추가 제작 일정이 아직 정해지지 않았습니다.
257,발핫팩 발바닥 핫팩은 재입고가 안 되나요?,발핫팩의 추가 생산 일정이 아직 확정되지 않았습니다. 발 핫팩을 제외한 제품은 지금 주문하시면 금일 출고되어 금요일 배달 예정이에요.
258,파우치 질문 스페셜과 일반의 차이가 뭔지요?,파우치 스페셜은 올해 새롭게 단추를 신형으로 달아 새롭게 제작되었으며 품질적 차이는 없얻요.
259,반품 신청했는데요 반품 신청은 돼 있는데 송장번호만 있구 택배기사님은 안 오시네요 이 제 주말이니까 다음 주에 오시는 건가요?,반품 신청을 하시고 송장번호가 나와 있다면 기사님께서 방문하실 겁니다.요즘 배달 물량이 많아 택배기사님의수거가 지연될수도 있어요.
260,,
261,발팩 재입고 예정 없음?,현재 곰도리 발난로 핫팩은 품절입니다. 현재 주문량이 폭주하여 일반형 생산 일정이 꽉 잡혀 있어 발난로의 추가 제작은 12월이 지나봐야 알 것 같습니다.
262,넥워머요넥 워머를 사면 미니 핫팩도 따로 주문해야 되,ooo넥 워머와 핫팩은 별도 구매 상품입니다. ooo 넥 워머내에 더블 미니 핫팩1봉가 번들로 포함되어 있어요.
263,,
264,오늘 주문하면 내일까지 받아볼수 있나요?,금일 주문량이 많아 오후 2시 입금 확인분까지 발송되었어요.
265,발에 붙이는 핫팩 2개 구입했는데요 그중 한 개만 일반형 30매로 교환 가능할까요?,교환 시 왕복 택배비 5 000원은 고객 부담이며 제품 입고 후 정상 제품 확인 후 교환 가능해요.
266,문의 곰도리 발 핫팩이 품절이네요 언제 입고됨?,현재 주문량이 많아 ooo 일반형의 생산에 집중하고 있어요. 12월은 지나야 정확한 생산스케줄이 확정될 것 같습니다.
267,아니 파스형 20개짜리 10개를 신청했는데 처음에는 전부 휴대용만 오더니 교환신청하니까 무슨 파스형이랑 휴대용 섞어서 주네요?,주문 발주 과정에서 일반형 주문하신 것으로 착각하여 발주가 된 것을 확인하였습니다.
268,헐입니다 이거 손해배상 청구해야 하는 것 아닙니까?,많은 주문량으로 인해 포장 과정에서 실수가 있었던 것 같습니다. 누락된 제품 금일 재 출고하여 맞교환 형식으로수거하겠습니다.
269,두개가 한 봉지에 포장되어 있나요?,상세 설명 참조부탁드리며 따로따로 하나씩 개봉해서 사용하시는 제품입니다.
270,"발팩파스형 2BOX 씩 더블 미니 일반 1BOX 씩, 언제쯤 받아볼수 있습니까?",주문하신 제품은 금일 정상 출고되었어요.
271,상품은 도대체 언제 올까?,너그러이 이해 부탁드립니다.
272,,
273,,
274,얼면 못 쓰져?,핫팩의 산화를 돕기 위해 핫팩 내부에수분이 있어요. 핫팩이 얼었다면수분이 얼어서 정상 발열이 되지 않아요.
275,파우치 문 의 혹한기 형도 파우치에 들어갑니까?,ooo핫 파우치는 ooo 일반형에 맞추어 제작되었으며 핫파우치의 소재가 신축성이 있으나 혹한기형의 경우 굉장히 타이트하게 들어갑니다.
276,배송문의 오전에 주문했는데 언제쯤 받을수 있을까요?,주문하신 제품은 금일 정상 출고 예정이에요.
277,주문했어요 오늘 주문하면 언제 받을수 있을까요?,주문하신 제품은 금일 정상 출고되었어요.
278,손목 보호대 포장수량 손목 밴드는 포장수량이 한 개씩 들어있나요?,ooo히팅 서포터는 한 개씩 들어 있어요. 양쪽으로 하시려면 두개를 구입하셔야 합니다.
279,배송 대기인가요?,현재 고객님의 주문건은 oooo센터 잔류건으로 확인되어 집니다. 저희 쪽 집화영업소에 확인하였습니다.
280,파우치 파우치만 별도 구매하고 싶은데 어떻게 안 될까요?,현재 ooo핫 파우치는 핫팩을 구입하시면서 추가로 구입하실수 있어요.
281,,
282,배송문의요오늘 오전에 주문했는데 언제 발송되니,주문하신 제품은 금일 발송 처리되었어요.
283,"친구 생일선물로 핫팩 줄려고 하는데 그래서 늦어도 5일 오전까지는 상품이 배송되었으면 하는데 지금 입금은 전부 다한 상태 구요, 오늘 오후에 바로 출고 가능할까요?",주문하신 제품은 금일 정상 출고 예정이에요.
284,금일 핫팩을 구입하였는데요택배사가 CJoooo 택배사가 맞는지요?,저희는 oooo를 사용하고 있으며 주문하신 제품은 금일 정상 출고 예정이에요.
285,지금 주문했는데요 내 일 받을수 있을까요?,주문하신 제품은 금일 정상 출고 예정이에요.
286,손목 찜질 보호대에 일반형 핫팩을 넣을수는 없나요?,히팅 서포터 손목용은 ooo 더블 미니상품 크기에 맞추어 제작되었어요.
287,,
288,온도 일반형이랑 혹한기형 최고 온 도랑 평균 온도 어떻게 되나요?,ooo 일반형의 지속시간은 15시간이며 최고 온도 70도 이하 평균 온도 58도 정도입니다.
289,,
290,방금 방금 삿는데 오늘 출고되나유?,주문하신 제품은 오늘 정상 출고되어 내일 중 배달 예정이에요.
291,,
292,포장을 사용기한이 제품은 뜯지 않으면 얼마 동안 보관했다 사용 가능한가요?,저희 제품의 유통기한은 제조일로부터 3년입니다. 저희 ooo 제품의 경우 고가의 나일로 소재의 봉투로 제작이 되어 밀봉 상태만 잘 유지하신다면 그 이상도 사용하실수 있어요.
293,오늘 입금했는데 언제쯤 배송되는지 알려주세요 좀 급해서 그런데 빨리 좀 부탁드려요네? 제발요?,주문하신 건은 오늘 중 정상 출고되어 내일 중 배달 예정이에요. 오늘도 좋은 하루 되세요.
294,일부러 일찍 했는데 오늘 보내주실수 있나요?,주문하신 제품은 오늘 중 정상 출고되어 내일 중 배달 예정이에요.
295,,
296,부탁합니다 내일까진 배달되는 거죠?,주문하신 제품은 오늘 중 정상 발송 처리되었어요.
297,일반 형 주문하려 하는데 제조년 월일이 어떻게 되죠?,저희 ooo 핫팩 전 제품은 2013년 7월 이후에 제조되어진 최신 상품들만 판매하고 있어요.
298,빠른 배송 부탁드려요.수능 전 전날 오전에 나누어 주려고 하는데 월요일까지 도착할수 있을까요?,주문하신 건은 오늘 중 정상 출고되어 내일 중 배달 예정이에요. 오늘도 좋은 하루 되세요.
299,,
300,군부대 배송군 부대 직배송되나요?,oooo를 저희는 사용하고 있으며 대부분의 군부대로 배송이 가능해요.
301,"제품을 쓴 게 아니라, 혹시 이것이 일반형으로 교환될수 있을까요?",교환은 가능하며 왕복 택배비 5 000원 동봉하시어 보내주시면 됩니다.
302,발핫팩은 언제 재생산되나요?,현재 발핫팩의 생산 일정은 확정되지 않았습니다. 입고까지는 시일이 좀 걸릴 것 같습니다.
303,발핫팩 입고문의 발핫팩 재입고 언제쯤 가능할 련지요?,현재 일반형과 혹한기형의 생산이 많이 밀려 있어 발핫팩 생산을 재개하지 못하고 있어요.
304,얼어서 도착햇어요 얼어서 도착햇는데 녹여서 사용하면 되지요,요즘 날씨가 춥다보니 배송 중에 그렇게 된 것 같습니다. 제품이 녹은 후 사용하시면 정상정으로 아무런 문제 없이 사용하실수 있어요.
305,,
306,오늘 바로 배송 가능한가요?,현재 갑작스런 한파로 인해 주문이 폭주하여 순차적으로 발송하고 있어요.
307,배송문의 방금 결제했는데요혹시 내 일 받아볼수 있을까요?,현재 갑작스런 한파로 인해 주문이 폭주하여 순차적으로 발송하고 있어요.
308,발핫팩은 안나와요?,ooo 핫팩에 대한 관심에 감사드립니다. 현재 발핫팩은 생산 일정이 정확하게 확정되지 않았습니다.
309,완전 방수인 가요?,일반형보다 더 고급스러운 방수원단을 사용한 것은 맞지만 완전 방수는 아니며 아무래도 일반형보다는 고급형이 방수는 더 잘 됩니다.
310,문의택배사가 oo. 인가요?,네 저희는 oooo 이용하고 있어요.
311,좌훈용 쑥봉매일 사용해도 되지요,좌훈은 일주일에 2 - 3회 정도 해주시는 게 좋습니다. 쑥 좌훈이 쑥의 연기와 열기를 쐬는 것입니다.
312,언제 배송되니,강화도 토박이입니다. 주문하신 상품 오늘 발송하구요.
313,전기료가 얼마큼 나올까요?,전기료는 누진재로 인해 정확한 답변이 어렵습니다. 자세한 사항은 제품 A/S센터로 문의 부탁드립니다.
314,ooo에 나오는 쑥 시트 말고 다른 말린 쑥 사용할수 잇는 제품인가요?,ooo 쑥과 비슷한 쑥통에 사용 가능한 제품이면 사용 가능해요.
315,약쑥상자 뚜껑 안쪽에 있는 날짜가 제조일자 맞는 거죠?,사용하시는데 문제 없얻요. 해당 제품은 유효기간이 특별히 존재하지 않으며 생산일자만 기재되어 있는 것입니다.
316,10월 6일 토요일이나 늦어도 8일 월요일에는 받을수 있겠죠?,해당 제품은 공장에서 입고 즉시 밀봉 후 바로 발송 처리해드리고 있어요. 빠른 발송 처리하겠습니다.
317,제품을 오늘 취소요청으로 가져갔는데 환불 처리되는 건가요?,변심 반품의 경우 배송비 5 000원이 발생합니다. 반품 신청하시면서 차감으로 신청하시면 됩니다.
318,제품 구매 시 약쑥도 같이 주는 건가요?,약쑥은 기본으로 들어있어요. 약쑥은 취향에 따라 2번 사용하셔도 됩니다.
319,주로 좌훈기는 습식/건식으로 분류하는 데 이좌훈기는 습식/건식 중 어디로 분류해야 하나유?,물을 고객님이 제품은 이용하는 제품입니다.
320,제품 구성품 문의 제품 구성품이 뭔가요?,구매를 해당 제품에 추가 구매 제품은 본품 이외에 추가로 원하시는 분들을 위해 서 있어요.
321,사은품줌?,좌훈치마는 기본으로 1개 구성되어 있어요.
322,그냥 쓰기에는 찝찝하고 교환하기는 번거롭네요 물로 씻어내고 햇볕에 말려서 써도 되는 건가요?,말씀하신 방법으로 사용하셔도 됩니다.
323,13일에 주문했는데 언제 배송되겠죠,금일 출고됩니다.
324,"06사각 옥 찜질팩 주문하여 도착하여는데, 크기가 크서 전자렌지잘 안 돌아가고 해서 04사각 옥 찜질팩으로 교환 가능한지요?",찜질팩 크기는 거의 차이가 없으며 재질 차이입니다. 전자렌지에 돌리실 때는 내부 벽면에 닿지 않도록 반접으셔서 돌려셔야 합니다.
325,운송장 조회도 안 되고 누락된 건가요?,저희 정보를 확인 결과 발송해 드린 것으로 확인되며 7개월 이상 지난 송장은 개인정보 등으로 택배사에서 송장조회를 제공하지 않아요.
326,전자렌지 돌릴 때 봉지같이 넣고 데워도 됨?,해당 제품만 넣어서 데워주세요. 가운데 액이 묻어나 오믄 것은 터지게 맞아요.
327,언제 발송 예정인 가요?,현재 제조사의 생산 지연으로 금주수요일 발송 가능할 것으로 예상됩니다. 입고 즉시 출고 처리될수 있도록 하겠습니다.
328,10월 20일에 주문했는데 아직도 배송 준비 중이네요 도대체 언제쯤 받아볼수 있는 건가요?,금일 출고 예정이에요. 빠른 발송처리될수 있도록 하겠습니다.
329,6개 구매하였으나 3개는 반품하려고 하는데 배송비를 또 제가 내야 하나요?,변심 반품의 경우 반송배송비는 부담입니다.
330,아직도 발송전이네요?,금일 발송 처리되었어요.
331,,
332,,
333,배송된 상태로 반 접어서 앞뒤로 돌리란 거죠?,전자렌지 내부에 닿지 않게 조금 더 돌리셔도 됩니다. 전자렌지 내부에 닿으면 녹는 경우가 발생합니다.
334,게시판 배송문의 많은데 얼마나 걸리나유?,익일 일부 입고되어 출고 예정이에요. 정확한 배송 일정은 구매 순서대로 발송되는 관계로 정확한 답변이 어려운 점 양해 부탁드려요.
335,언제 배송되,현재 제조사에 주문 폭주로 인해 생산이 늦어지고 있어요. 상세 설명에 안내되어 있듯이 19일까지 발송 완료 예정이에요.
336,주문한 찜질팩 안 보내주시져?,현재 제조사에 주문 폭주로 인해 생산이 늦어지고 있어요. 상세 설명에 안내되어 있듯이 19일까지 발송 완료 예정이에요.
337,방향제 같은 원래 그런가요?,새 제품으로 그런 현상이며 시간이 지나면 사라집니다.
338,엠디 제품은 20일 안에 터지면 새 상품으로 교체 맞죠?,20일 이란 기간은 없얻요. 제품 받으신 후 바로 확인해주셔야 합니다.
339,5번 주문할 건데 선물용이라 찜질 팩 케이스도 주시져?,기본적으로 제품 박스에 담겨 있어요.
340,이번 주 안으로 배송됩니까?,현재 제조사에서 일부 제품의 품질 향상 작업으로 생산이 지연되고 있어요.
341,목찜질과 눈찜질은 얼마나 가겠죠,허브 찜질팩은 대략 20 - 30분 정도 따뜻하고 이후 약 두시간 정도 미지근합니다.
342,솔리드 제품과 허브미 차이가 있을까?,세라믹 약돌을허브미 상품의 경우 6개 히터장착+ 등받이 + 사용하며 솔리드 상품의 경우는 6개 히터장착+ 등받이 +토르 말린 석에 허브 미 상품보다 목재가 두껍고 최고가 사양입니다.
343,배송 출발 언제인가요?,oooo 택배로 오늘 출고되셨구요. 이동조회는 늦은 저녁부터 가능하실거에요.
344,황토 찜질팩 PVC 온장고 사용도 가능한가요?,전자레인지나 끓는 물로 사용 가능하시구요. 온장고는 안 되세요.
345,현재 일시 품절된 상품들은 입고 예정이 없습니까?,면 제품 PVC 제품 모두전자렌지에서 데우거나 끓는 물에서 데워서 사용 가능하세요.
346,허리 찜질팩을 데울 때 허리 찜질팩을 탈부착하는 곳도 데워지는데 그게 상관이 없져?,네 관계 없으세요.
347,황토허리 찜질 팩 그냥 일반 찜질팩처럼 전자레인지에 데우면 됩니까?,허리 찜질팩은 벨크로로 허리에 차고 사용할수 있는 제품이세요.
348,상품 중 1번 사각 찜질팩이 구매에서 6900원짜리인가요?,네 맞아요.
349,냄새가 너무 많이나요 참기 힘들 정도인데 어쩌나여?,받으신 제품은 생산된 지 1개월 이내 제품이 시구요. 새 제품 특유의 냄새는 조금 있을수 있으세요.
350,유해성분 검출팩이 아니라는 걸 어디서 확인할수 있을까?,ooooo 제품은 한국건설생활환경시험연구원 통해서 산자부 고시어린이 제품 공통안전기준에 따른 별도 시험을 받은 제품으로 해당 연구원 통해서 확인이 가능할 것으로 생각됩니다.
351,코 찜질은 어떤 상품이 갠찮나요 사이즈?,다용도 제품으로는 1번 제품이 적당하시지만 코 찜질하시기에는 제품 사이즈가 좀크 실거 같아요.
352,,
353,황토허리폭이 9CM 밖에 안 되나요?,상하제일 높은 부분이 19CM 구요. 웹페이지 제작시에 오타가 있었던 것 같습니다.
354,환불 반품 신청도 하고 물건도 회수해갔는데 환불은 언제 되나요?,처리되었어요.
355,배송 언제 됨?,네 오늘 oooo 택배로 발송되셨어요.
356,언제 받아볼수 있나요?,oooo 택배로 오늘 출하 예정이 시구요. 도착까지 보통 1 - 2일이신데 주말이 껴 있으셔서 넉넉히 월요일 정도까지 보시면 될 것 같으세요.
357,실제 크기가 40 27. 5 네요. 어떻게 된 건가요?,재는 방법 따라서 크기가 조금씩 차이가 있을수 있으신데 38CM 로프레스 재단하기 때문에 기준 사이즈는 38CM 로 보시면 될 것 같으세요.
358,화학 냄새가 왜 이리 많이나쥬?,새 제품의 기본적인 냄새는 있으나 환기되는 곳에 몇 일 두면 빠지실거에요.
359,사용 기간은 얼마나?,제품에 오염이 생긴 경우에는 해당 부위만 세제로 닦아주시면 되시구요. 뜨거운 물에 넣어서 데워서 쓰는 제품이 셔서 물로 씻어주셔도 큰 문제 없으세요.
360,한 번 전자레인지에 돌리면 얼마 동안 가나요?,사용하시는 상황에 따라 차이는 생기 시 구요. 30분 1시간 정도 보시면 될 거에요.
361,,
362,1 USB 담요세탁을 어떻게 해야 하는지?,온 열담요의 경우 가운데 봉제선이 모입니다.
363,설마 설마했는데 어이가 없네요 품절인 걸 고객이 기다리고 기다리다 물어봐야 알려주는 건가요?,네.오늘 발송 예정이에요.
364,물건 잘 받으셨지,아직 반품 상품 입고되지 않았습니다. 입고 확인되면 바로 처리해드릴게요.
365,포켓토토로 구입하려는 데 포켓 열판 전용 스위치를 꼭 구입해야 하나요?,아뇨.꼭 구입하셔야 하는 것은 아닙니다.
366,포켓도 토로 주문할려고 하는데 USB 아답터 여기기서 파는 거 쓰면 되쥬?,포켓의 경우는 저희가 판매하고 있는 아답터는 미열 정도뿐이 안 됩니다. 포켓은 USB 사용하여 보조배터리나 컴퓨터를 이용하셔서 사용하셔야 합니다.
367,방석은 온열방석이죠?,네.방석은 온열이십니다.
368,,
369,담요주문했는데요담요도 열선패드가 불리되어서 빼고 세탁 하나유?,담요의 경우는 일체형으로 따로 불리가 안 되십니다.
370,포켓 시리즈 얘들 USB선이지퍼 부분에서만 뽑아낼수 있나여?,네.지퍼 부분으로 만나가게 되있어요. 고객님의 의견 감사합니다.
371,,
372,불량인 거 같습니다 이거 온열패드만 교환해야 될 거 같은데 어떻게 해야 합니까?,온열패드 다시 재발송해드릴게요.
373,세탁은 어떻게 하는 건가요?,네 열판 분리 가능한 제품만 단독 세탁 가능해요. 분리 안 되는 제품도 가능은 하나 완전히 건조 후 사용하셔야 열선에 문제가 안 생깁니다.
374,,
375,몬스터 온열 마우스 패드문의 온열 마우스 패드 몬스터요성인 남자가 사용하기 괜찮나요?,네 마우스 패는 남여 공용입니다. 손이 아주 크지 않으면 무관합니다.
376,붙이는 핫팩 구매했는데 왜 곰팡이 같은 게 피어 있죠?,상품 곰팡이가 아닌 철가루입니다.
377,"아직 사용하지는 않았는데, 교환 가능할까요?",핫팩의 유통기한은 3년이며 현재 2019년 제조상품은 미입고 상태입니다.
378,,
379,,
380,,
381,마이핫 보온대가 기존 140G 에서 160G 으로 변경된 거 맞나요?,이번 년도 중간에 표기가 변경되었습니다 140그램도 실중량이 이상입니다.
382,마이핫 보온대 제조일자 알수 있을까요?,2018년 8월 제조된 상품입니다.
383,지금 구매 시 제조일이 어떤 제품 보내주시나요?,2018년 4월 제조된 상품으로 출고 처리해드리고 있어요. 제조일이 상품 입고일마다 다소 차이가 있을수는 있어요.
384,지금도 주문 가능한가요?,상품 김 병장 마이핫 2018년 2월 제조된 상품입니다. 현재 주문 주시면 상품 당일 출고 가능해요.
385,김 병장 핫발 난로 붙이는 핫팩일 시품절이던 데 언제 입고되겠죠,제조사에서 생산되지 않아서 당분간 입고되질 않아요.
386,상품 이름 옆에 안내 구분선이 뭔가요?,판매되는 제품의 종류가 많아서. 안내선입니다.
387,저번수요일에 주문한 거 같은데 언제쯤 배송될까요?,내일수요일 발송 가능성이 높습니다.
388,언제 배송되나요?,수요일 이후에 출고될 예정이에요.
389,,
390,마이핫 보온대언 제재 입고되나용?,1월 8일 이후부터 가능할 예정이에요. 지금 주문시 1월 12일 이후 발송이 가능할 예정이에요.
391,터진 제품을 어떻게 가지고 있나요?,터진 제품도 있으시면 처리해드린다는 말씀입니다.
392,나우온 팩붙이는 핫팩 언제 출고되나요?,주문하신 상품은 27일 오늘 출고 처리될 예정이에요.
393,마이핫 보온대 60매 구매 가능할까요?,지금 주문 시 1월 12일 이후 출고 처리될 가능성이 높습니다.
394,혹한기 훈련이라 보내야 하는데 언제 주문 가능한지요?,제조공장의 원료 부족으로 인해 생산이 중단되어 1월 5일까지 중단되었어요.
395,,
396,언제쯤 배송되지,마이핫 보온대 제조사의 군납일정으로 출고가 계속 지연되고 있습니다 / 현재 이번 주 입고가 불가한 상태이며 다음 주 이후 입고 여부 확인해봐야 할 것 같습니다.
397,,
398,예약할게요 몇 개까지 살수 있죠?,김 병장수량 7개 열어드렸습니다.
399,마이핫 보온대 핫팩언제 입고될까요?,현재 7 - 10일 이상 지연될수 있어요.
400,,
401,마이핫 보온대언 제쯤 입고되나요?,현재 7일 이상 소요될수도 있어요.
402,언제 입고됩니까?,재고수량 열어드렸으며 상품은 입고 후 출고 진행되 오나 순차 발송 및 지연되는 점감 안하시고 구매 부탁드립니다.
403,김 병장 핫보온대 지금 주문하면 7 - 10인데 지금 주문하고 싶은데 어떻게 해야?,소량 재고 풀어드렸습니다 현재 해당 상품 다음 생산 때까지 출고가 지연되오니 이점 확인해주시고 구매 부탁드립니다.
404,불량 같은데 확인 안 하고 보내시쥬?,발 난로 제품은 상세 설명에 안내되어 있듯이 붙이는 핫팩이나 손난로와 같은 발열과 비교하시면 안되구요.
405,,
406,재입고문의 김 병장 핫팩언제 재입고되나여?,김 병장 핫보온대는 이번 주수요일 이후쯤에 나 가능할 것 같습니다.
407,4일에 주문했는데 아직 안 와서요 언제쯤 받을수 있을까요?,주문해주신 상품 오늘 출고 처리됩니다.
408,김 병장 50매 구매했는데 언제 배송되나요?,주문주 신제품목 금 출고가 가능해요.
409,어제 주문을 했는데 아직 배송이 준비 중인데 언제 가능한가요?,주문주 신제품목 금 출고가 가능해요.
410,일시품절이던 데 언제쯤 물건이 있을까요?,현재는 예약만 가능하신 상태 구요 발송은 다음 주에 가능해요.
411,언제 발송합니까?,마이핫 보온대는 오늘 출고 처리되며 포장 완료되었어요.
412,김 병장 핫보온대특계속 품절이라고 뜨네요 재입고 언제쯤 될까?,재입고는 목요일 이후 순차 발송으로 미리 주문 주신 분들 출고 뒤 새로운 주문을 받을 예정이에요.
413,이 거배송 받았는데요 넣고 다닐수 있는 주머니 준다고 하지 않았겠죠,재입고는 목요일 이후 순차 발송으로 미리 주문 주신 분들 출고 뒤 새로운 주문을 받을 예정이에요.
414,택배사는 어딘지요?,고객님 ooooooo으로 출고 처리됩니다.
415,김 병장 난로는 정말 좋던 데 다른 거 또 구입하려 하는 대뽀로로 난로효과도 김 병장처럼 동일한 가요?,차이를 성능 면에서는 느끼실수 있을 것 같습니다. 아이들이 사용하기에 좋습니다.
416,김 병장 붙이는 핫팩을 발에 붙여도 되나여?,발에 붙이시기 큰 사이즈 라이동에 불편하실 것 같아요 그리고 붙이는 핫팩은 붙이신 뒤 외부 노출 안 되게 한 번 더 덮어주셔야 효과가 좋아요.
417,화요일 생산해서 금일 출고해준다고 했는데 출고됩니까?,오늘 출고 처리됩니다.
418,제조일자 2017년 9월 이후 제품 보내주실수 있을까요?,현재 마이핫손 난로 제품은 2017년 9월 제조상품입니다.
419,,
420,,
421,,
422,마이핫 보온대 지금 주문하면 제조년월이 언제 꺼에요?,2017년 9월 제조상품입니다. 감사합니다.
423,김 병장 핫보온대 제조일자가 어떻게 되나요?,2017년 9월 제조된 상품입니다.
424,마이핫 보온대 제조 날짜가 언제인가요?,상품 2017년 9월 제조된 상품이고요배송 소요기간은 1 - 2일 정도 소요됩니다.
425,,
426,배송 날짜는 며칠이나 걸리나 여?,오후 3시 이전 주문시 당일 출고 가능해요.
427,주문한 지 한 달 되었는데 생산을 아직도 안 하고 있나유?,출고 처리 진행합니다.
428,,
429,김 병장 담주는 발송 안 되겠죠?,다음 주 일정 확인 뒤 가장 빨리 보내드릴수 있는 제품으로 보내겠습니다.
430,,
431,김 병장은 언제 배송되지요,현재 김 병장 제품이 번 주 생산이 불가할 것으로 보입니다 다음주 일정을 다시 한 번 확인해야 하며 더 지연될 가능성도 있어요.
432,,
433,,
434,언제 배송되나유?,현재 주문건의 경우 다음 주에 배송될 가능성이 많습니다 김 병장 제품의 생산이 제조공장의 마이핫 군납일정으로 상당히 지연되어 현재 출고 대기 중인 건이 많아 순차 발송으로 진행될 예정으로 다음 주에 발송될 가능성이 많습니다.
435,이번 주는 배송되나요?,현재 해당 상품 지난주 일정이 모두취소되어 발송이 불가했으며 이번 주 생산 일정 확인 중에 있어요.
436,아니 24일 날 출고해 주신다면서 지금 27일인데 아직도 배송 준비 중인데요?,해당 일 생산 일정이 취소되어 21일 문자 발송 처리해드렸는데 혹시 확인이 안 되셨는 징지난주 일정이 모두취소되어 이번 주에도 후반부에 가능할지 확인 중이 있어요.
437,언제쯤 발송이 되려나요?,이번 주 생산 일정을 현재 김 병장 제품은 확인 중에 있습니다 생각보다 길어진 지연에 너무나 죄송할 따름입니다.
438,이번 주는 오나여?,현재 해당 상품 지난주 일정이 모두취소되어 발송이 불가했으며 이번 주 생산 일정 확인 중에 있어요.
439,배송문의? 언제 배송됨?,주문주 신상품 당일 출고 처리해드릴게요.
440,김 병장 핫팩3주째 안 오는데 너무 하네요. 더 기다려야 하나요?,50매 먼저 교환 발송 진행해 드리겠습니다 추후 김 병장 입고되면 나머지수량 출고 처리하겠습니다.
441,언제 배송될지 모른다고 적어 나야지 4 - 5일 만 기다리면 되겟다 하고 주문하는 사람들은 머가 되는 건지 너무 무책임한 거 아닌가요?,상품 생산이 저희도 안내받은 일정에서 어긋나 지연이 오래되고 있어요.
442,아니 5일 지연된다고 해서 기다리고 있는데 여전히 배송 준비 중이네요?,제조공장의 군납일정으로 8일부터 전혀 생산이 되지 못하여 발송을 못해 드렸습니다.
443,배송 지연이 된다고 해서 기다리는데 그래도 너무 오래 걸리는 것 아닌가요?,제조공장의 군납일정으로 8일부터 전혀 생산이 되지 못하여 발송을 못해 드렸습니다.
444,언제쯤 오쥬?,깅병장 핫보온대 현재 16일에 주문 주셨는데요 생산이 지연되어 현재 7일 자 주문 고객님부터 대기 중에 있어요.
445,다음 주 토요일부터 꼭 필요한데 그 전에 받을수 있을까요?,12월 8일부터 생산이 지연되어 현재까지 발송해 드리지 못했으며 그간 제조공장에서 마이핫의 군납일정으로 김 병장 제품이 생산이 못 되었어요.
446,12월 7일 주문했는데 다음 주에 받습니까?,발송을 발송이 지연된 점 너무나 죄송합니다 해당 상품 지난 주 목요일부터 생산입고되지 않아 주문건부터 못해드렸습니다.
447,배송을 도대체 언제 한다는 건지?,김 병장 핫보온대 지나 주 목요일부터 계속되는 생산지연으로 현재 발송이 모두지연되고 있어요.
448,마이핫 보온대 최근 제조된 건가요?,최신 제조상품입니다. 다만 오늘 품절로 인해 발송까지 몇 일 소요될수 있어요.
449,11일 날 주문했는데 언제 배송되겠죠,현재 이번 주 생산 일정 취소로 인하여 다음 주 월화 중에 입고 여부 확인 뒤 발송이 가능할 것으로 예상됩니다 준비되는 대로 발송하겠습니다.
450,언제 배송해요?,주문건의 경우 다음 주수요일 이후가 될 것 같습니다 현재 12월 7일 주문분부터 대기 중인 상태라 양해부탁드립니다.
451,김 병장 언제쯤 배송 가능한지 알수 있나여?,현재 일주일 정도 넉넉히 기다려주시기 부탁드립니다 공장 사정에 따라 빨라질수도 더 지연될수도 있어요.
452,언제 배송되는 건가요?,현재 생산 지연으로 인해 목 금요일 출고가 가능할 것으로 판단되며 이는 공장 사정에 따라 또한 변경될 가능성이 있어요.
453,,
454,언제 오나유?,주문건 도착일까지 1 - 2일 소요됩니다. 어제 늦은 작업으로 택배상 차 어려웠습니다.
455,마이핫 보온대 140G 의 크기는 어떻게 되요?,보온대사이즈는 외봉투 규격 155MMX 180MM 입니다.
456,언제쯤 배송이 될까요?,17 번으로 문자 드렸는데 혹시 확인이 안 되 셧는지요 김 병장 생산 지연으로 오늘부터 생산이 시작되었다고 합니다.
457,물건이 오지도 않았는데 구매 결정이 떠 있는 건 뭔가요?,구매 결정은 저희 쪽에서 할수 있는 부분이 아니며 배송 후 일정 기간 뒤 자동구매 확정이 되거나 지금처럼 11월 24일 주문건이 구매 확정이 되어 확정을 있는 경우는 고객님께서 눌러주시는 경우에만 가능해요.
458,군부대로 보내려는데 혹시 ooo oo로 배송될까요?,별도로 ooo oo 이용은 불가하며 자택으로수령하신 뒤 고객님께서 ooo oo 이용하여 보내주셔야 합니다.
459,김 병장 핫보온대와 마이핫 보온대차이가 어떻게 나죠?,상품의 유통 경로의 차이입니다.
460,,
461,제조일자가 어떻해 되나여?,김 병장 16년 10월 제조/마이핫 15년 9월 16년 1월 제조/손난로 15년12월 제조입니다.
462,마이핫 보온대 40매 구매했습니다. 사용기한이 언제까진 가요?,제조일로부터 3년까지 사용 가능한 상품입니다 제조일자는 2016년 1월입니다.
463,뭐라도 물어볼수 있어야기다리지 않져?,빠른 발송 진행해 드리지 못한 점죄송합니다.
464,,
465,배송 입고 지연이라서 기다리고는 있는데 5일 정도 예상하면 될까요?,김 병장 핫보온대의 경우 28일 입고되어 1월 24일까지 주문 주신 건들 출고 처리 진행해 드렸구요.
466,아직 안 와서 26일 날 주문했는데 아직 안 왔어 여 얼마나 늦겟 배송되는지 여?,김 병장 핫보온대오늘은 1월 24일 이전 주문건에 한하여 출고 처리가 진행되고 있으며 해당 주문건은 금요일 또는 다음 주 월요일에 정확한 확인이 가능해요.
467,언제 배송되나요배송은 언제 되나요?,해당 주문건은 오늘 출고 처리 진행될 예정이에요.
468,,
469,언제쯤 받을수 있을까요?,김 병장의 경우 27일부터 순차입고 신데 19일 주문수량부터 출고되기 때문에 해당 건 2 - 3일 지연 예상됩니다.
470,,
471,오늘 주문하려고 하는데 배송 지연으로 표기되어 있네요 부모님 집에 보내려고 하는데 대략 언제쯤 배송 출발이 가능할까요?,오늘 주문해 주시면 5일 정도 지연 예상해주셔야 합니다 상품의 입고량이 극소량이다보니 양해 부탁드릴게요.
472,,
473,아 김 병장이 더 따뜻한 가요?,김 병장 제품의 경우 중량이 10G 더 많이 들어가 있어요.
474,제조일이 언제인가요?,상품 제조일은 2015년 9월입니다.
475,블루로 주문했고 아직 발송 준비 단계인데 그레이로 변경해서 받을수 있을까요?,확인 후 발송하겠습니다.
476,,
477,왜 만 9천 얼마 하는 게 계산하기 들어가면 2만 얼마로 올라서 계산되나유?,추가요금이 있는 상품을 구매하시면 금액이 올라갑니다 옵션상품의 추가 금액이 얼마인지 확인해주세요.
478,두제품 다물주머니가 양면 무늬 다이아인가요?,전부 다양면 다이아입니다 빗살을 주문하 실려면 물주머니 따로 커버 따로 주문하셔야 합니다.
479,,
480,상품 구매하면 마개 하나 추가로 구매할수을까요 전에 꺼태워 먹어서요oo마개는 다 동일한 거죠?,추가 구매로 주문하실수 있어요.
481,,
482,,
483,,
484,B18 양면 누빔커버 옵션으로 주문했는데 물주머니 업그레이드 가능한가요?,네 업그레이드로 보내드립니다.
485,명절 전에 받을수 있져?,명절 전에 받으실수 있어요.
486,노커버 형 더 구매할려고 하는데 어떤 게 좋은가요?,뚜꺼운 순으로 양면 빗살 다이아몬드 순입니다.
487,오늘 안에 오는 거 맞습니까?,현재 연수동에 가 있어요.
488,,
489,보온시간은 대충 어느 정도 될까요?,외부에서 사용할 경우 온도에 따라 차이가 있지만 그리 오래가지는 않아요.
490,물주머니는 성능의 차이는 없지,다이아몬드가 가장 기본형이며 무늬가 들어갈수록 조금씩 두껍습니다 제일 두꺼운 것은 양면 빗살이며 물주머니가 두꺼우면 보온 시간이 조금 더 오래갑니다.
491,사용방법 2번 보면수명 짧아 짐써 있는데 김을 안 빼면수명이 짧아진다는 뜻인가요?,100도시의 물을 자주 사용하거나 김을째지 않으면 고무가 팽창하여수명이 짧아질수 있어요.
492,,
493,양면 빗살 주머니 랑 오가닉 면 커버 주문했는데요요게 제일 두껍고 보온이 오래 가는 게 맞는 건가요?,양면 빗살이 물 주머니 중에서는 제일 뚜껍습니다 뚜거우면 보온이 좀 오래갑니다.
494,0. 8L 안 제재 입고될까요?,11월 중순 예상하고 있어요.
495,제 꺼는 왜 고리가 없이 왔을까요?,별자수 상품은 커버가 완전히 씌워져 있기 때문에 독일에서 생산할 때 고리가 없이 생산됩니다.
496,0. 8사이즈 커버에 무늬 있는 건 품절인데 입고 계획은 없으신가요?,현재 0.8 노커버가 재고가 품절되었습니다 독일에 주문한 상태이며 시간은 20 - 30일 정도 걸릴 예정이에요.
497,,
498,허리 찜질할 때 허리 밑에 넣고 바닥에 누워도 안 터 지,사람 무게정도로는 터지지 않습니다 허리에 사용하셔도 됩니다.
499,물 넣고 커버 벗겨보니 흰색 물주머닌데 노란색으로 얼룩져 있는데 이거 새거 아닌가요?,물주머니는 사용하면 사용할수록 약간씩 색이 변합니다 또한 커버에서 약간의 이염이 생길수 잇습니다.
500,,
501,내일 B1 사려고 하는데 추가 옵션에서 마개 추가가 먼 가요?,선택 안하셔도 됩니다 추가로 필요하신 분만 구매하시면 됩니다.
502,분명 제대로 누른 것 같은데 커버만 왔어요 이거뭐 어떻해야 합니까?,주문을 커버만 하셨네요 노커버만 따로 구매하셔어 사용하시면 됩니다.
503,팔팔 끓인 물 넣어도 아무 문제 없는 건가요?,70 - 80도를 권장합니다 정수기 온도 정도입니다.
504,정품 제품 배송해주신 게 맞지요,당사는 국내 정식수입업체로 정품만 취급합니다.
505,구입한 지 2개월 조금 넘었는데 이 음새 부분에서 물이 샙니다 그냥 버려야 되는 건가요?,물이 새면 A/S가 불가능합니다 사용상 문제가 없는지 확인해주세요.
506,선물 포장도 가능할까요?,선물포장 시스템이 없얻요.
507,"더 비싼 제품들은 더 두껍다는 건 알겠는데, 더 두꺼우면 보온이 오래가거나 내구성이 더 튼튼하거나 장점이 무언가요?",보온도 더 오래가고 내구성도 기본 향보다는 더 좋습니다 양면 빗살 같은 경우는 두께가 두배 정도 차이가 납니다.
508,,
509,물주머니수명이 어느 정도인가요?,60 - 70도로 사용하시면 5년 이상은 사용하실수잇습니다 더 오래 사용하실수도 있고요 너무 뜨거운 물을 넣으면 환경에 따라 사용년수가 달라질수 있어요.
510,B1 /0. 8면 커버 지 금 품절 상태인 상품이요. 혹시 재입고 계획 있니,입고되었습니다 열어놓겠습니다.
511,보통 보온 시간이 얼마나 갑니까?,실온에서 사용하실 경우 2시간 정도이며 밀폐된 공간에서 사용하실 경우는 4 - 5시간 정도입니다.
512,,
513,제품에 무슨 차이가 있는지요?,별 차이는 없습니다 현재 노커버 상품행사기간이라 가격이 할인되어 있어요.
514,2017년 신상품이 어떤 건가요?,전부 신상품입니다면 스판벨벳 커버는 독일에 서 면 스판으로 신상으로 들어온 제품입니다.
515,물 주머니 가 격 차이가 많이 나는데. 흰색 다이아몬드물 주머니가 1번 다이아몬드 랑색만 다르고 같은 제품인가요?,물주머니에도 아트형들이 있어서 두께나 모양이 다 틀립니다.
516,물주머니들이 가격이 다 다르게 측정되어 있는데. 그 이유가 디자인 때문인가요?,두께와 모양 등에 차이가 있습니다 보온력도 약간 차이가 있고요.
517,금일 오전에 주문하면 당일 발송 가능한가요?,오전 주문하시면 당일 발송합니다.
518,안고 있으니 옷에 냄새가 배이네요 불량 아닌가요?,제품에 따라서 혹은 물의 온도에 따라서 냄새가 날수도 잇습니다 보름 정도 사용하시면 냄새는 거의 없어집니다.
519,분말 60포포함된 세트로 샀는데 코 세척기만 오고 분말은 안 왔네 여 어떻게 된 거죠?,우선 이용에 불편드려 대단히 죄송합니다. 금일 60포 분말 제품 추가 발송 예정이에요.
520,소독을 의료기기 전용 소독액으로 해야 하쥬?,현재 소독액을 제작 중이며 우선은 코 세척 후 용기를 식초나 식기세척액으로 잘 씻은 후 거치 캡을 이용하여 완전 건조시켜주시기 바랍니다.
521,저번에 사서 쓰고 있는데 빨대가 깨졌어요 빨대만 살 순 없나요?,노즐이 깨졌다는 말씀이군요 보내드리도록 하겠습니다.
522,5월 10일에 주문했는데 아직 운송장 번호도 안 떴습니다. 이건 좀 아니지 않을까요?,주문하신 건은 지금 배송 중으로 내일이나 늦어도 화요일에는 받아보실수 있어요.
523,5월 10일 인가 11일 날 주문했는데 번호만 뜨고 조회가 안 되네요혹시 언제 받아볼수 있나유?,4시 이전 주문건은 당일 발송이 원칙이나 최근 방송의 여파로 택배 건이 밀려 하루 이틀 배송이 늦어지고 있어요.
524,5월 10일 주문했는데 어떻게 된 건가요?,4시 이전 주문건은 당일 발송이 원칙이나 최근 방송의 여파로 택배 건이 밀려 하루 이틀 배송이 늦어지고 있어요.
525,운송장 번호 오류라고 하는데 잘못 보내신거에요?,4시 이전 주문건은 당일 발송이 원칙이나 최근 방송의 여파로 택배 건이 밀려 하루 이틀 배송이 늦어지고 있어요.
526,,
527,지금 배송 중이라고 써 있는데 혹시 내일 도착할까요?,해당 상품 금일 발송되어 현재 배송 중에 있어요. 사이트상으로 위치조회 또한 가능하며 보통 출고된 다음날수령 가능하십니다.
528,언제 옴?,해당 상품 현재 배달지역에 도착하여 배달준비 중으로 조회되고 있어요. 금일 중수령 가능하실 것으로 예상되며 사이트상으로 위치조회 또한 가능해요.
529,,
530,우체국 배송이 왜 이리 늦은 건가요?,당사의 주문 폭주로 인하여 물건이 순차적으로 배송이 되고 있습니다 고객님의 물건은 오늘 발송이 되어 내일 중으로수령이 가능하십니다.
531,물건 언제 보내는 거죠?,현재 당사의 주문 폭주로 인하여 순차적으로 창고에서 물건이 발송되고 있습니다 고객님의 물건은 금일 발송 예정이며 내일 또는 모레 중으로수령이 가능하실 것 같습니다.
532,어제 배송됐다고 문자 왔는데 왜 배송조회가 안 되죠?,현재 당사의 주문 폭주로 인하여 순차적으로 창고에서 물건이 발송되고 있습니다 고객님의 물건은 금일 발송 예정이며 내일 또는 모레 중으로수령이 가능하실 것 같습니다.
533,,
534,언제와요?,현재 당사의 주문 폭주로 인하 여 배송이 1 - 2일 정도 더 소요되 실수 있는 점 많은 양해부탁드립니다.
535,금요일 중에 배송 출발한다는 건가요?,네 금요일 중으로수령이 가능하실 것 같습니다.
536,배송 중인데 조회가 안 되요 언제 오나요?,현재 당사의 주문 폭주로 인하 여 배송이 지연되고 있어요. 주문해 주신 물건은 금요일 중으로 배송이 되는 점 많은 양해부탁드립니다.
537,부부가 같이 사용하면 안 될까요?,코 세척기는 개인용이므로 가족 등 타인과 공유하시면 안 됩니다. 이는 감염의 원인이 될수도 있어요.
538,딸이랑 같이 쓰려면 코 세척기 추가 구매를 하나 더해야 됨?,가족 등 타인과 공유를 코 세척기는 개인용으로 금합니다. 이는 감염의 원인이 될수 있어요.
539,,
540,언제쯤 옵니까?,주문하신 물건은 금일 발송 예정이며 내일은 우체국 택배휴무이므로 내일 모레 중으로수령 가능하십니다.
541,,
542,분말탄 물은 바로 다 써야 하겠죠,스위퍼 용량인 250ML 는 한 회코 세척시 전량을 다 사용해주시는 양입니다.
543,임산부도 안심하고 사용할수 있을까요?,등장액 생리식염수는 체내에 흡수되는 것이 아니므로 임산부도 사용하실수 있어요.
544,약국에서 식염수 사다가해도 될까?,약국에서 구입 가능하신 액상생리식염수를 사용하셔도 괜찮습니다 다 만 액 상생리식염수는 개봉 후 빠른 시일 내에 사용을 해주셔야 안전하게 사용이 가능하십니다.
545,주문했는데 최근 제조품으로 부탁드려요수돗물 받아두고 쓰라고 나와 있는데 바로 써야 할 땐 정수기 물로 사용해도 될까요?,정수기 물도 사용이 가능하십니다. 다만 평소에 관리가 잘되어 사용을 있는 정수물로 해주셔야 안전하게 사용이 가능하십니다.
546,생수물로 해도 되져?,원칙상수돗물을 코 세척시 사용하는 물은 한번 끓인 후 사용하시는 게 가장 안전하십니다.
547,이거수돗물로 해도 되나요?,원칙상수돗물을 코 세척시 사용하는 물은 한번 끓인 후미지근하게 식혀 사용하시는 방법이 가장 안전하십니다.
548,택배사에서 알아서 가지러 오시는 것 아닌가요?,금일 우체국 택배로 반품이 접수되었으며 내일 중으로 기사님이 방문하실 예정이에요.
549,소독 세트를 사용하지 않고 물로만 세척해서 건조시킨 뒤 사용할수는 없지요,코 세척을 하시고 나면 세척기 통 안에는 바이러스균 박테리아균등 물 세척으로는 없어지지 않는 균들이 서식하게 되면서 곰팡이균으로 번식하게 됩니다.
550,8세도 사용 가능한가요?,8세면 충분히 혼자 코 세척할수 있어요. 8세 이하의 소아라도 부모님의 설명을 잘 따라 할수 있다면 가능한데요입으로 아 또는 크 하는 소리를 내면서 부드럽게 눌러주시면 반대 코로 식염수가 흘러나올 것입니다.
551,반품 절차는 어떻게 되니,일단 가지고 계시면 본사에요청하여 반품 회수할수 있도록 하겠습니다.
552,,
553,어린이용 분말 400포보고 들어왔는데 상품 선택에서 상품 1번 어린이용 200포로 되어 있는데 이 전문의 글 답글처럼 지금도 1+1하고 있는 건가요?,어린이용 분말은 현재 이벤트 진행 중이며 구매하시는수량만큼 더 발송됩니다.
554,유아용 분말 200포구 매시 400포를 주시는 게 맞지요,공지사 항대로 어린이 분말은 구매수량만큼 더 이벤트로 발송됩니다. 200포를 구매하셨으면 400포가 발송됩니다.
555,,
556,혹시 임산부 사용할수 있음?,노즈큐어 분말은 물 240ML 와 희석시 0.9 퍼센트 NORMALSLINE가 만들어집니다.
557,유통기한이 언제까지 인가요?,제품 유통기한은 2020.12.31일입니다.
558,내일 배송받을수 있는 거 맞죠?,당일 5시 이전 주문건은 오늘 전체적으로 출고되십니다 그러나 제품수령일은 택배 사 물량이 많이 증가된 부분으로 저희 측에서 확답 드리긴 어려운 부분입니다이 부분 참고 부탁드릴게요.
559,언제 배송 가능한가요?,네 당일 발송됩니다.
560,무선인가요?,해당 제품은 충전용 제품으로 코드리스 무선 제품입니다 참고하여 구매 부탁드릴게요.
561,구매하면 기본적으로 팁 타입별로 다주쥬?,상세 페이지 참고하시면 기본 구성 노즐을 확인하실수 있어요.
562,방금 결제했는데 오늘 배송해 주시면 안 될까요?,현재 고객님성함으로 주문건이 확인이 안 되십니다 주문건은 5시 이전 주문건은 전부 당일 배송되는 부분이 오니 참고하여 구매 부탁드릴게요.
563,,
564,금요일 주문 햇는데 아직 배송 준비 중 뜨는데 문제 잇으신가요?,네 주문건 발송되었어요. 다만 지난주 연휴 여파와 코로나로 인해 택배 사 물량 증가로 하루 정도 늦어질수는 있어요.
565,휴대용 제품도 플라그팁 추가로 구매하면 사용 가능한가요?,네 플라그팁 사용 가능하십니다. 참고하세요.
566,충전기 꽂는 부분에 물닿으면 마를 때까지 충전 못하지요,네 생활방수 기능이 있기에 툭툭 털어서 사용하시면 됩니다 참고하세요.
567,,
568,상품 특성상 고무 냄새가 올라오는데 머리 아프네요. 방법 없을까요?,고무 냄새는 보통 15일 정도 사용하시면 없어집니다 물주머니를 사용하신 후 잘 말려주세요.
569,B9 기본형을 사면 물주머니는 어떻게 생긴 게 오,흰색으로 발송됩니다 주문 시 게시판에 남겨주시면 변경해 드릴게요.
570,커버 형 제품으로 구매하려고 하는데 혹시 커버 형 제품은 물주머니도 베트남 제조인가요?,당사는 베트남산물 주머니는 취급하지 않습니다 전부 다 독일 공장 제품만 취급합니다.
571,,
572,0. 8L 도 톰 폴리커버 세트 안 물 주머니 색은 선택할수 없지,안데물 주머니는 무조건 힌색으로 나갑니다 선택이 불가합니다.
573,커버는 문제가 없고 물주머니만 오염됐는데 교환시 물주머니만 보내면 되지,물주머니만 보내시면 됩니다.
574,지워지면 그냥 깨끗이 지워서 쓰려고 했는데 지워지지도 않아요 사진이라도 올려서 보여드리고 싶은데 교환되,교환신청해주세요 교환해드릴게요.
575,뚜껑이 추가로 구매 가능하게 되어 있던데 물주머니만 사면 안 될까?,뚜껑은 추가로 더 필요하신 분이 주문하시는 겁니다 기본으로 들어있어요.
576,양면 무늬와 단면 무늬 그리고 빗살 무늬와 다이아 등의 차이점이 뭔가요?,두께 차이입니다 빗살이 들어가면 더 두껍습니다.
577,,
578,배송 중이 아닌데도 배송 중이라고 표시되는 건 그럼 누구의 오류인지요?,송장을 입력하면 저절로 배송 중으로 넘어가는 시스템이 라 오해가 있었네요.
579,좋은 상품 빠른 배송 부탁합니다 오만원 이상은 배송비 무료 맞을까?,확인 후 발송하겠습니다.
580,뭐죠?,물주머니는 다이아몬드형 기본으로만 구성되어 있습니다 아트형들은 별도로 주문하셔야 합니다.
581,어제 저녁에 결제했는데 토요일까지 받아볼수 있을까요?,오늘 발송합니다.
582,"보통 커버 형 제품의 경우 커버랑 속에 물주머니까지 베트남 OEM이던데, 여기는 물주머니는 독일 제품이란 말인가요?",독일 본사와 라이센스를 당사는 체결한 정식수입업체입니다 커버가 있는 제품도 독일 물 주머니로 따로 제작되어 일반 유통되는 베트남 제품과 다른 제품입니다.
583,,
584,,
585,없으니까 보내 달란 소리겠죠?,확인 후 발송하겠습니다.
586,제조년원일이 궁금합니다 몇 년도에 생산된 것인가요?,제품에 따라 약간씩 차이가 있지만 대부분 2015 - 2016 제품입니다.
587,차갑게 얼려서도 사용 가능한가요?,물을 넣은 체로 얼리는 것은 권장하지 않습니다 다만 얼음을 넣어서 사용하시는 것은 괘 안습니다.
588,뜨거운 물 말고 얼음이나 차가운 물 넣고 사용할수도 있나요?,사용하셔도 됩니다 하지만 물을 넣고 냉동고에 넣으시면 안 됩니다.
589,12번 상품 0. 8리터oo물팩에 MADEINGERMANY으로 각인되어 잇음?,저희 업체는 공식 라이센스 업체로 모든 물주머니가 독일 공장 생산입니다 MADEINGERMANY 각인되어 있어요.
590,,
591,MAIDINGERMANY가 쓰여진 정품 맞나유?,정품입니다 각인이 되었어요.
592,15번 구매하려고 합니다. 폴리커버만 하나 더 살수 있나요?,커버를 구매하신 상품은 별도로 판매하지 않는 상품입니다.
593,다이아몬드 아웃도어 커버 2L 브라운 주문했는데 크기가 작아서요상품 양면 다이아몬드 무늬 상품과 혹시 크기 차이가 있쥬?,2리터 상품은 전체가 A4 용지만 하다고 보시면 됩니다 처음에 물이 5리터 정도 들어가며 일주일 정도 사용하시면 2리터가 넘게 들어갑니다.
594,베트남산?,물주머니는 독일 커버는 베트남입니다.
595,A5 핑크 구입하고픈 데뭘 선택해야 햐요?,현재 폴리핑크는 품절로 상품에 등록되어 있지 않아요.
596,"23번 제품 구매했는데, 다이이아몬드 무늬 2L 보온물주머니 화이트는 독일 공장 제품 MADEINGERMANY 맞는 거죠?",네 맞아요.
597,15번 주문했는데 주머니랑 커버 둘 다 오는 거죠?,폴리커버가 같이 발송됩니다.
598,이상 없는 제품으로 보내주세요. 급해서 그러는데 언제 받을수 있져?,오늘 발송됩니다.
599,커버도 함께 보내주실수 있음?,1번은 커버가 없는 상품입니다 커브를 받으 실려면 별도로 커버를 주문하셔야 합니다.
600,핫팩 선택 : 선택 15/2L +폴리커버 그레이 배송 부탁드립니다 어떤 제품에는 커버가 다르던데 oo로 되어 있는 거 맞죠?,폴리그레이는 oo 라벨로 되어 있어요.
601,oo 정품 확실한 거죠?,리퍼 상품은 없습니다 oo사와 라이센스를 당사는 체결한 국내 유일한 업체입니다.
602,,
603,예 를 들어 A2 에서 2 폴리로 선택할 경우 2리터 핫팩이 포함되어 있는 건가요?,핫팩이 폼홤된 상품입니다 핫팩은 기본형 노커버 제품으로 블루 레드 크림세가지 중 랜덤으로 발송됩니다.
604,,
605,옥을 넣을 때도 물을 부어야 하는 건가요?,물을문의 주신 상품은 훈증기로 사용하시는 제품으로 항시 사용하셔야 합니다.
606,이거 매일매일 해도 괜찮을까요?,저희 제품은 매일 사용해도 문제는 없으신 제품이십니다. 건강을 좌욕은 위해 하시는 것으로 건강상태에 따라 사용해주시면 되세요.
607,쑥 없이 원적외선으로만 사용도 가능한가요?,해당 제품은 쑥티백 없이도 사용이 가능해요. 쑥향이 불편하시다면 티백을 넣지 않고 사용해주세요.
608,좌욕기 구매하면서 쑥통 하나 더 구매할수 있나유?,쑥팩을 해당 제품 구매 시 옵션에서 추가로 구매하실수 있으며 제품에 내장되어 있는 쑥통은 별도 구매가 어려운 점 양해 부탁드려요.
609,"열조절기가 강은 너무 뜨겁고 약은 너무 약하다는 평이 있는데, 그게 좀 보완이 되었음?",해당 제품의 열조절은 강약으로 조절 가능하며 제품의 사이즈는 가로 약 32CM 세로 약 27CM 높이 약 36CM 입니다.
610,83000원에 치마와 쑥 20팩 포함인가요?,해당 상품의 구성품은 본체 안면 용컵 좌훈치마 약쑥통 계령컵.천연옥 천연약쑥팩20포 사용설명서이며 천연악쑥팩과 좌훈치마는 옵션에서 추가로 구매가 가능해요.
611,당연히 속옷 하의 벗고 사용하는 거겠죠?,해당 제품은 탈의 후 사용하시는 제품입니다.
612,마른 상태 그대로 넣져?,마른 상태의 쑥을 사용하셔도 되며 살짝 물에 적셔서 사용하셔도 됩니다.
613,,
614,,
615,임산부 산후 이용 가능한가요?,일반적으로 좌훈은 자궁의 건강 피부미용 다이어트 효과도 볼수 있는데 부소양증이나 냉대하를 특히 좌훈요법은 강한 살균효과가 있기 때문에 질염으로 인한 임 개선할수 있고 각종 여성질환에도 효과가 있다고 합니다.
616,구매했는데 궁금한 게 있어서 사용 주기는 어떻게 되지,사용 주기는 사용자 분의 편의대로 사용이 용이하며 족욕은 오래 하시는 것보다 하루에 30분 내외로 하시는 것이 좋습니다.
617,상품 내 일 받고 싶습니다 입금 몇 시까지 하면 내일 받을수 있는가요?,당일 2시 이전 주문만 당일 발송이 되며 내일 9일은 휴일이라 배송이 어렵습니다.
618,숙팩만 넣어야 함?,다른 제품을 넣으셔도 가능하나 티백으로 활용 바랍니다.
619,,
620,10일 날 보내셨다고 하셨자나여?,배송 과정에서 누락이 발생한 것 같습니다. 금일 재발송토록 하겠습니다.
621,훈 증용치마와 좌훈치마가 다른 건가요?,훈 증용치마와 좌훈치마는 같은 제품이며 쑥팩은 20개가 1세트입니다.
622,사이즈가 더 큰 프리미엄 붙히는 하루 온 팩 맞져? 고객 평중 쓰던 것보다 작다라는 분이 계셔서 문의드려요,제조사 oo에서 생산되는 제품 하루온 팩은 더 큰 사이즈 맞아요. 하루온 팩은 올 겨울 포장 디자인이 바뀌었습니다.
623,하루 온 팩? 붙이는 핫팩 맞나요?,ooo을 찾아주셔서 감사합니다. 본 상품은 속옷 위에 붙이는 하루 온 팩 맞아요.
624,상품 구성 상품 구성이 어떻게 되나요?,네좌훈 치마와 천연약쑥티백 20포포함입니다.
625,전자파 차단되져?,차단됩니다.
626,AS가 가능할까요?,제품 박스에 AS센터 번호가 잇습니다 그쪽으로 문의해 보시면 됩니다.
627,,
628,,
629,,
630,보라색 찜찔 일반형. 보라색 구매하고 싶은데. 색상 고르는 것 없네요. 블랙뿐인 가요?,현재 다보라색입니다 구매하시면 됩니다.
631,온도에 따라 시간 제한 있나유?,상품 문의는 표지에 있는 제조사로 문의 부탁드립니다.
632,하루 빨리 받고 싶어요 오늘 발송 가능할까요?,오늘 발송해 드릴게요.
633,제품 무게가 얼마 정도 됨?,1KG 미만입니다.
634,,
635,1700원에 한통 100개가 들어있는 건가요?,네 맞아요.
636,,
637,칼에 베인 상처 소독되나요?,겉 피부는 괜찮지만 안으로 스며들수 있는 상처는 하지 않는 게 좋습니다.
638,언제 배송 시작되지요,매일 오후 3시에 배송합니다. 주문하신 건은 택배사로 넘어갔습니다.
639,원재료와 제조국 모두한국인 가요?,수입산을프랩스왑은 포장지와 부직포 은 사용하며 주원료인 에탄올은 에탄올 제조전문회사에서 공급받는 제품이며 병원에서 사용하는 에탄올과 동일한 제품을 사용하고 있어요.
640,재료 모두국산인가요?,모든 재료를 국산으로 제조하는 회사는 국내에 한 군데도 없습니다 프 랩스왑에 사용되는 솜 또한수입하여 사용하며 국내에서는 아직까지 기술력이 부족하여 똑같은 품질을 만들수가 없얻요.
641,,
642,,
643,,
644,이제 6개월 된 아기 장난감 닦아서 소독해주려고 하는데 아기 장난감 닦아도 되는 건가요?,증발하기 전에 입에 대면 안 좋을 것 같습니다. 전용 소독용품으로 하는 게 나을수도 있겠네요.
645,혹시 택배사는 어디인가요?,oooo입니다. 오후 3시 이전 주문건은 다음날 대부분 배송됩니다.
646,,
647,,
648,식약처에서 의약외품 허가받아서 적혀 있는 건가요?,확인하느라 답변이 조금 늦었습니다. 결과는 정식 허가제품 맞고요.
649,국산 제조인가요?,네.국내에서 제조합니다.
650,,
651,알콜솜을 사용할 때 숨을 참고 쓰는 게 좋나요?,숨을 손과 팔 등에 사용할 때에는 참을 필요는 없얻요. 다만 냄새를 많이 마시면 몸에 해로운 것은 사실입니다. 가능한 냄새를 피하는 게 올바른 사용법이고 두통이나 구토가 동반되는 게 소독제인 점인 지하심이 올바를 것입니다.
652,멸균인가요?,배양검사 실험 결과 균 검출이 전혀 되지 않은 제품입니다. 멸균의 의미는 포장지에 붙어 생존할수 있는 균을 죽이고 자멸균을 하는 것입니다.
653,당일 발송처럼 적혔는데 아직도 발송 준비 중이죠?,주문해주신 제품은 5일 배송 출발하였습니다. 다만 이번 연휴 끝나고 배송사에 사상 최대 배송 물량으로 인해 배송 지연이 있을수 있다는 배송사의 공지가 내려왔습니다.
654,,
655,메디터치 여 름짜고 딱지상처 위에 붙여도 되나요?,상처인 상태에서 사용해 주셔도 됩니다. 사용시간은 취향에 따라 피부에 따라 사용하시면 됩니다.
656,듀오덤 CGF 스티커처럼 붙여 쓰는 건가요?,판매 중인 패치씬 폼드레싱 밴드류는 전부 붙여 쓰는 제품이며 1회용입니다.
657,,
658,,
659,점 빼고 붙일려고 하는데 메디터치 H 돗트 붙여도 되나요?,맘 밴드 뷰티 스팟을점 빼신자리에는 메디터치 H 돗트와 하이 가장 추천해 드리고 있어요.
660,마데카 습윤 밴드 42매 69매는 같은 제품인데수량만 다른 가요?,같은 제품이며수량만 다른 것 맞아요.
661,,
662,1번 여러 개 구매 예정입니다 유효기간은?,이지 덤뷰티 57매 23년 3월 8일입니다.
663,이지덤씬이지덤뷰티 사용기한이 언제까지 인가요?,이지 덤뷰티는 23년 1월 19일 근처로 형성되어 있으며 이지덤 씬은 22년 9월 4일 이후 제품들이 있어요.
664,듀오덤 엑스트라 씬 지금 사면 오는 제품의 유통기한이 어떻개 되겠죠,듀오덤 현재 고의 유통기한은 2024년 6월 1일입니다.
665,이지덤 뷰티 유효기간 어떻게 되쥬?,현재 저희가 보유 중인 이지덤 뷰티 유효기간은 22년 10월 22일 이후입니다.
666,24일 주문했는데 왜 아직 배송 시작 전이죠?,주문하신 날 발송은 해드렸으나 택배사에 추석 물량이 많아 하루 이틀 정도 지체되고 있습니다양해 부탁드려요.
667,마스크에 뿌려도 효과 있습니까?,마스크 겉면에 뿌리리시고 완전 건조 후 사용하시는 건 괜찮습니다 에탄올을 그러나 뿌리셨을 경우 필터 성능이 떨어진다고 하니 추천 드리지는 않아요.
668,냄새가 너무 강할 것 같아서 물 3알콜7의 비율로 희석해서 쓰려고 하는데 상관없죠?,저희가 판매하는 제품이 100ML 중에 탄올 83ML 나머지는 정제수로 희석 없이 그냥 쓰시면 됩니다.
669,손에 닿는 문고리나 물건에게 뿌려도 될까요?,방역용으로 사용하셔도 됩니다 손잡이문고리는수건에 묻혀서 닦는 것을 추천 드립니다.
670,에탄올과 마스크를 구매하려고 하는데 왜 배송비가 따로국밥인가요?,18리터에 탄올은 무게와 부피 때문에 합배송이 어려운 점 양해 부탁드려요.
671,책상이랑 바닥에 소독하려고 하는데 바로 뿌릴까요?,희석하지 않고 그냥 쓰시면 됩니다.
672,메딕하고 케어팜 차이점이 뭔가요?,제조사가 다릅니다.
673,대용량에 탄올 유통기한 지난 것이 있는데 버릴 때 어떻게 버려야 하나요?,유통기한이 많이 지났거나 밀봉을 잘못하셨으면 효과는 약간 떨어질수 있지만 그냥 버리시기보다 변기 청소나 바닥 청소용으로 쓰시면 좋을 것 같습니다.
674,케어팜 사용기한이 언제까지 인가요?,2023년 6월입니다.
675,oo에 탄올 83퍼센트 맞지,네 맞아요.
676,어제 오후 5시 이전에 주문했는데 배송조회가 되지 않습니다. 출고 진행이 안 될 걸까요?,어제 택배사 주문 폭주로 일부는 택배사에서 물류로 보내지 못했다고 합니다.
677,손 소독제로 사용하려고 하는데 다른 용액들이랑 희석하여 사용하는 건가요?,에탄올 83퍼센트라에탄올 9글리세린 1에탄올 8글리세린 2비율로 만드시면 될 것 같습니다.
678,oo oooo에 탄올 18L 발송하는 거 맞겠죠,에탄올 18리터 맞아요.
679,상처 부위에 듀오덤만 붙이면 되나요?,듀오덤만 붙이시면 됩니다. 약 성분이 있는 건 아니며 듀오덤을 붙여 딱지나 균이 생기지 않도록 하여 빠르게 자연치유되도록 하는 밴드입니다.
680,,
681,레이저로점제거한 곳에 붙여도 되나요?,점뺀 곳에 사용 가능하시며 금일 구매하시면 내일 택배 출고됩니다. 단현재 명절 연휴로 인해 택배 사 물량이 급증하여 배송이 평소 때보다 1 - 3일 정도 지연되고 있어요.
682,방금 주문했습니다. 금일 발송 맞죠?,금일 오후 6시 전주문건들은 당일 택배 출고됩니다.
683,배송업체가 어디인가요?,oooo로 택배 발송됩니다. 참고하시기 바랍니다.
684,팔이나 다리를 접히는 부분 붙일 때는 쭉 핀 상태에서 붙여야 하나요?,상처 부위를 깨끗하게 소독하신 후에 핀 상태에서 상처 부위보다 3CM 가량 더 크게 잘라서 붙여주세요.
685,이거듀 오덤 얇은 버전 정품 맞죠?,2018년부터 도미니카공화국에서 만들어져 두께가 얇아졌습니다 효과은 기존과 동일합니다.
686,이지큐바를 때 기초화장품을 바른 후에 바름?,상처 부위를 깨끗하게 씻은 뒤에 바로 이지큐 밴드를 발라주시기 바랍니다. 자세한 사용방법은 상세 페이지 내용을 참고해 주시기 바랍니다.
687,방수됩니까?,방수 기능은 없으나 약간에 생활방수 정도는 됩니다. 방수 테이프를 듀오덤 붙인 곳 위에 함께 붙이고 샤워하시면 될 거 같습니다.
688,유효기간 이 어떻게 되니,현재 2024년 9 - 10월까지는 상품이 발송되고 있어요. 이 점 참고 부탁드립니다.
689,액상 밴드 레이저 시술 부위에 발라도 됨?,네 사후관리를 사용 가능하십니다. 이지 큐액상 밴드나 듀오덤 제품으로 하시면 될 거 같습니다.
690,실밥 풀고 붙여도 되는 건지요?,듀오 덤 사용 가능하십니다. 붙이고 떼어낼 때가 걱정되시면 붙이는 게 아닌 이지큐액상 밴드로 발라서 사용하시는 걸 추천 드립니다.
691,배송 중 맞을까?,오전에 택배 포장되어 출고된 걸로 확인되고 있어요.
692,아까 주문했는데 오늘 배송되나 용? 빠른 배송 부탁드려요,당일 출고 가능해요. 빠르게 출고할수 있도록 하겠습니다.
693,방금 주문했는데 언제쯤 발송될까요?,어제 마감 이후 주문을 주셨네요 금 일 출고 예정이에요.
694,5번은 테가덤인가요?,네 테가 덤 맞아요.
695,주말 주문했는데 오늘 배송 출발하나요?,구매하신 상품은 금일 출고된 것으로 확인되고 있어요. 출고 후보통은 1 - 2일 정도 배송기간이 소요됩니다.
696,사용기한이 제조년월일로부터 얼마까지 인가요?,제조일로부터 5년이며 사용기간은 제품 박스 하단에 보시면 나와 있어요.
697,하루에 한 번씩만 갈면 되니,초반에는 하얀 스포가 많이 올라오면 자주 갈아주시는 걸 권해드리며 점차 상처가 아물면서 하얀 스포가 올라오는 게양이 줄어드는데 그때는 하루에 한 번 정도만 갈아주시면 됩니다.
698,제조년월이 언제일까요?,2019년 5 - 8월 제조상품들이 발송되고 있어요. 구매에 참고하시기 바랍니다.
699,구매했는데 자외선 차단도 되지,기본적인 차광은 가능합니다 점을 그래서 얼굴에 빼고 많이들 사용하시구요.
700,,
701,혹시. CGF인가요?,엑스트라 씬입니다. CGF와는 다른 상품입니다.
702,,
703,,
704,상처 부위가 작아서 잘라서 붙였는데 남은 듀오덤 보관은 어떻게 해야 하는지요?,제품을 포장하고 있는 비닐팩에 잘 넣어 두셔서 보관하시면 될 거 같습니다. 간혹 사용하시는 환경이 실내 온도가 높은 곳이거나 여름철에는 제품이 잘 안 떨어지는 경우가 발생될수 있어요.
705,어디서 배송해주세요?,oooo 택배로 발송됩니다.
706,유통기한이 언제까지 인가요?,2024년 6월입니다. 구매에 참고하시기 바랍니다.
707,문신지우는 치료하고 난 후 붙여도 되니,전문의와 상담 후에 사용하시는 것이 좋을 거 같습니다.
708,지금 주문하면 월요일에 바로 배송해 주실수 있나요?,주말 주문건들은 금일 택배 출고 예정이에요.
709,이게 언제까지 붙여놓는 건가요?,보통 은 하루 이틀 정도 붙여놓았다가 갈아주시면 됩니다. 단진물이 많으실 때는 육안으로 확인하시 여하얗게 올라온 걸 확인하시고 갈아주시면 됩니다.
710,약국에서 판매하는 듀오덤 가격보다 저렴해서요 제품에 문제없는 거 맞쥬?,동일한 제품이며 약국 듀오덤은수입 후 포장만 바꿔 어 출고되는 제품입니다.
711,사이즈가 가로세로 어케될까요?,10CMX 10CM 입니다. 구매에 참고하시기 바랍니다.
712,배송 오늘 보내주실수 있을까?,6시 전까지 결제하시면 금일 출고됩니다.
713,상품과 폴리글러브를 배송비 무료인이 같이 주문해도 무료 합배송 안 되고 배송비를 따로 내야 하는 건가요?,묶음 배송요청을 착불로 결제 후 배송란에 해주시기 바랍니다.
714,당일 출고되서 다음날 받았다는 후기 보고 다른 곳보다 비싸지만 주문했어요 넘급해서 그러는데 낼 받을수 있,금일 출고 예정이시며 내일 주말이라 내일 들어갈수도 있고 다음 주 월요일 날 들어갈수도 있어요.
715,수술 햇어요 째고 더 마본드로 붙혓는데 흉터에 붙혀도 되는 건가요?,수술하셨던 병원에 담당의 와 상의 후 사용을 하시기 바랍니다.
716,점 뺀 후에 사용해도 됨?,네 사용 가능하십니다 구매에 참고하시기 바랍니다.
717,,
718,알콜 솜 유통기한 얼마나 되지,유효기간이 2024년 5 - 6월까지 인 제품들이 발송되고 있어요. 이 점 구매에 참고하시기 바랍니다.
719,이 거 사용해보니 뗄 때 너무 안 떨어져서 상처 부위 살점이 다 떨어져 나갈 것 같고 끈적함이 너무 심해서 상처 부위 손상이 더 심할 것 같은데 불량인가요?,하얗게 스포가 올라오지 않아 때 어 내실 때 말씀하신 현상이 발생된 거 같습니다.
720,,
721,아이 무릎이 까졌는데 소독을 하고 붙혀야 하나유?,식염수 같은 제품으로 깨끗하게 소독한 후에 붙여주시면 됩니다. 상처에 부위에 진물이 많이 나올수도 있으므로 하얗게 올라오면 듀오덤을 갈아주셔야 합니다.
722,지금 구매했습니다. 오늘 출고 가능할까요?,금일 출고하도록 하겠습니다.
723,듀오덤은 방수가 되서 샤워 가능하다고 의사 선생님이 그러셨는데 방수되는 거 맞죠?,약간에 방수 기능이 있는 거지 100퍼센트 방수가 되는 제품은 아닙니다. 이 점 참고하시기 바랍니다.
724,당일 출고 가능할까요?,지금 결제하시면 당일 출고 가능해요.
725,혹시 조금 늦었는데. 당일 출고 가능할까요?,금일 출고됩니다.
726,월요일 입금 햇는데 배송조회가 안 되네요 7/17일엔 받을수 잇을까요?,확인해 보니 16일 0시 10분경에 입금하신 게 확인되고 있으며 제품은 현재 어제 출고되어 17일 현재 곤징암 허브에서 부천으로 이동 중에 있는 걸로 확인되고 있어요.
727,유통기한이 어떻게 되나유?,19년 2월 제조 및 사용기간은 2024년 2월입니다. 구매에 참고하시기 바랍니다.
728,다리 다쳐 흉터가 크게 남았는데 듀오덤 붙이고 있으면 흉터가 좀 연해 지쥬?,상처를 듀오덤은 치료하기 위해 사용하며 흉터에는 시카케어 제품을 사용하시는 것이 좋습니다.
729,듀오 덤 색상이 진한 것과 연한 것이 있는 걸로 아는데요 진한 색상으로 구입 가능한가요?,듀오덤은 색상이 따로 구분되어 나오지 않아요. 예전 미국 생산분과 현재도미니카 생산분에 대한 차이는 있었지만 지금은 전량 도미니카 생산으로 색상은 동일합니다.
730,방금 주문했는데 오늘 출고 가능한가요?,듀오덤 재고가 금일 오전에 모두소진되어 저녁에 재입고 예정이에요. 입고 되는 시간에 따라 금일 또는 내일 출고가 될수 있는 점 양해 부탁드려요.
731,얼굴을 아이가 다쳐서 빠른 배송 부탁드려요포비 돈으로 소독하고 바르면 되나요?,듀오덤을식염수로 소독 후에 붙여 주시면 됩니다. 그리고 현재 주말 주문량이 많아 제품이 주문 순서대로 발송 처리되고 있으나 택배 상황에 따라 금일 또는 내일 출고될수 있는 점 참고해 주시기 바랍니다.
732,결제 완료했습니다. 오늘 출고 확실한 가요?,금일 출고 가능해요. 저녁 7시 이후에 송장번호 조회 가능하십니다.
733,지금 주문했는데 오늘 배송 출발하는 거죠?,금일 출고토록 하겠습니다.
734,듀오덤 붙이기 전에 연고나 소독제 바르고 붙여도 되니,다른 연고 필요 없이 듀오덤만 붙이시면 되며 드름이나 점 뺀 후에도 붙이셔도 됩니다.
735,오늘 구매하려고 하는데 유통기한 알수 있나요?,2023년 12월 1일까지입니다. 구매에 참고하시기 바랍니다.
736,요거자 외선 차단도 되는 제품인 가용?,듀오덤은 어느 정도 자외선 차단이 되지만 100퍼센트의 자외선 차단 기능이 있는 건 아닙니다.
737,제가 방금 듀오덤 주문했는데 최근 제조일꺼로 오늘 배송 부탁 가능할까요?,주문건 확인하여금 일출고할수 있도록 하겠습니다.
738,오늘 구매하면 출고 가능한가요?,2023년 8월까지이며 제품 출고는 2월 7일부터 주문하신 순서대로 발송됩니다.
739,방금 주문했는데 혹시 오늘 출고되나요?,금일 출고됩니다.
740,미국산 맞져?,도미니카공화국으로 바뀐 지 약 1년 정도 되었어요. 현재는 도미니카공화국 생산 분만 나오고 있어요.
741,주문했는데 언제 보내주시져?,금일 주문하신 거확인하였으며 출고는 18일 예정이십니다.
742,언제 보내주시니,11일 출고 예정이십니다. 빠르게 출고할수 있도록 하겠습니다.
743,당일 출고되나요?,제품이 9일 날 입고 예정으로 입고 시간에 따라 빠르면 내일 늦어지면 모레 출고될수 있어요.
744,유통기한 알수 있을까요?,2023년 5월입니다. 구매에 참고해 주시기 바랍니다.
745,사이즈. 10 10인 가요?,네 맞아요.
746,배송 오늘 해서수요일 전에 도착하니,개천절에는 휴무날이므로 택배가 하지 않으며 금일 출고 기준 빠르면 내일 늦어지면 목요일쯤수령하실 거 같습니다.
747,배송 언제 되쥬?,주문건 확인 후 빠르게 출고토록 하겠습니다.
748,최근 상품으로 10X 10으로 부탁드립니다. 아추석 전에 오겠지요?,추석 전에 받아보시기 힘들수도 있어요. 금일 최대한 빠르게 출고토록 하겠습니다.
749,최근 꺼 유효기간이 언제까지에요?,2023년 1월까지입니다. 구매에 참고해 주시기 바랍니다.
750,누가 쓰던 걸 보내셨나요?,맞교환 처리해드리도록 하겠습니다. 제품 포장해 두셨다가 택배기사님 오시면 물건받고 기존 물건은 전달해 주시기 바랍니다.
751,,
752,당일 배송 가능함 가요?,금일 6시 전까지 결제 완료하시면 금일 출고됩니다.
753,방수인 가요?,메뉴얼상으로는 방수 기능은 없으나 실사용해보니 간단한 손 씻는 정도에 물 접촉은 방수가 되었어요.
754,사용해도 잘 안 떨어지고 뒤에 플라스틱 부분뗄 때 찢어져요 어 떡하죠?,제품 포장해 두셨다가 택배기사님 방문하시면 전달부탁드릴게요. 추후 제품이 입고되는 대로 확인 후 처리토록 하겠습니다.
755,오늘 받아서 사용하려고 뜯 엇는데 이거 불량인가요?,무더위로 인해 말씀하신 현상이 발생될수 있으며 제품을 냉장고에 2 - 3시간 정도 넣어뒀다가 사용해 보시길 권해드립니다.
756,제조년월일은 어디서 확인할수 있나요?,제품을 포장하고 있는 박스 하단에 제조년월 일 사용기간이 나와 있어요. 이 점 참고하여 주시기 바랍니다.
757,방금 주문했는데 오늘 출발 가능한가요?,금일 빠르게 출고하도록 하겠습니다.
758,오늘 주문했는데 바로 발송 가능할까요?,주문건 확인 후 빠르게 출고토록 하겠습니다.
759,제가 사는 지역 이ooooo 파업 중인지라 물건수령까지 2주 정도 걸려서요 혹시 타택배사로 배송 가능할까요?,이용을 저희가 oooo만 하고 있어서 타 택배 발송이 어렵습니다. 이 점 구매에 참고해 주시기 바랍니다.
760,6시 전에 결제 완료했는데요. 당일 발송 하져?,네 금일 출고됩니다.
761,빠른 배송은 감사한데 1BOX 에 10매가 들어 있어야는 거 아닌가요?,저희가 확인 후 금일 두장은 다시 발송해 드리도록 하겠습니다.
762,오늘 주문했는데 언제 출고되나요?,현재 듀오덤 엑스트라 씬 주문량이 금일 오전 결제분까지 출고되었어요. 내일 제품이 입고 예정으로 입고되는 대로 순차적으로 출고될 예정이에요.
763,출고 언제 되져?,금일 출고 예정이시며 택배 도착은 택배사 사정에 의해 출고 후 1 - 3일 정도 소요될수 있어요.
764,오늘 안에 도착이나 하겠어요?,딜리버리될수 있도록 oooo에요청토록 하겠습니다.
765,미국산인가요?,도미니카공화국입니다. 작년 생산분부터 미국 생산에서도 미니카공화국 생산으로 바뀌었습니다.
766,급하게 주문한 건데 아직도 결제 완료라고만 되어 있네요 언제 받을수 있습니까?,주말 주문량이 많아 출고가 지연된 점 사과드립니다. 금일 출고 예정이십니다.
767,토요일 6월 2일 주문했는데 언제 받아볼수 있을까요?,주말 주문량이 많아 출고가 지연된 점 사과드립니다. 금일 출고 예정이십니다.
768,언제 배송됩니까?,주말 택배 물량 폭주로 인해 현재 순차적으로 제품 발송 중에 있으며 금일 미출 고시 내 일 출고될수 있는 점 참고해 주시기 바랍니다.
769,일반 약국에서 파는 제품이랑 다른 가요?,약국에서 파는 것도 동일한 제품입니다. 작년 생산분부터 제조공장이 도미니카공화국 공장으로 바뀌면서 제품이 기존 미국 생산분보다 조금 얇아졌습니다.
770,몇 시까지 주문해 야당일 발송인가요?,금일 제품 입고 예정으로 빠르면 금일 오후 늦으면 내일 오전에 발송됩니다. 구매에 참고하시기 바랍니다.
771,혹시 알콜 솜도 유통기한 있나요?,듀오 덤 유효기간은 2022년 12월까지이며 알콜솜에 경우 개별 포장이 되어 있으나 유효기간이 지나거가 오래되면 마르는 현상이 발생될수 있어요.
772,가짜인가요?,ooo 정품 제품입니다. 작년부터 재조공장이 도미니카공화국으로 바뀌면서 기존보다 제품이 얇아졌습니다.
773,최근에 만들어진 제품인가요?,현재 시중에 풀리는 듀오덤은 작년 말 출고 예정이십니다. 이 점 참고하시 여 구매해주시기 바랍니다.
774,,
775,언제 배송되나요?,금일 출고될 예정이세요.
776,,
777,,
778,방금 알콜솜과 구매했습니다. 해외로 나갈 때 챙겨가야 하는데 빠른 배송이 가능한지요?,금일 현재 듀오덤 EX 제품이 오전에 모두소진되어 내일 입고 예정이에요. 입고 시간에 따라 빠르면 내일 늦어지면 다음 주 월요일 발송될수 있어요.
779,오늘 오후 1시 정도에 주문했는데 언제 받아볼수 있을까요?,주문건 확인 후 금일 출고토록 하겠습니다. 감사힙니다.
780,급해서 26일 아침에 주문했는데 아직도 집하라고만 뜨고 배송이동이 없네요 어찌된 건가요?,금일 오전 7시 노원에 간선하차로 나오고 있어요. 금일 배송이 시작될 것으로 보입니다.
781,,
782,,
783,오늘 주문하면 언제 출고되져?,금일 1시 전까지 주문건에 한해 금일 출고되며 그 이후 결제건들은 명절 지나고 나서 출고됩니다.
784,문의 드려요 유효기간 어떻게 되니,제조는 17년 5월이며 사용은 22년 5월입니다. 구매에 참고하시기 바랍니다.
785,듀오덤 지금 주문하면 오늘 배송되나요?,오늘 출고 가능해요.
786,지금 결제했는데 금일 발송되나요?,주문건 확인 후 금일 출고토록 하겠습니다.
787,지금 주문하면 언제 받을수 있을까요?,출고는 금일 되며수령시간은 출고 후 1 - 2일 정도 소요됩니다.
788,,
789,언제 받을수 있습니까?,금일 6시 전까지 입금 완료하시면 금일 출고됩니다. 말씀하신 대로 엑스트라씬 10x10입니다.
790,듀오덤은 방수 기능 있는 거죠?,듀오덤은 방수 기능이 없얻요. 하지만 간단한 세면을 할 때 듀오 덤이 접착력이 강하여 잘 떨어지지 않아요.
791,구매평보니까 박스 포장 대신 뽁뽁이 포장이 되어온다고 하던데 맞음?,듀오덤 Ex 1 개만 구매 시에는 뽁뽁이 포장으로 출고되며 그 외에는 박스 포장으로 발송됩니다.
792,화요일 26일 날 주문하면 언제 배송되겠죠,추석 전 주기 때문에 받는 날짜는 확정드리기 어렵습니다. 빠르면 이번 주 중에 받으시고 늦어지면 추석 지나고 받아보실수 있어요.
793,,
794,급해서 일찍 주문했는데 언제 배송되,제품이 주문량 폭주로 인해 듀오덤이 금일 모두소진되어 내일 재입고되면 발송이 가능해요.
795,유효기간이 언제까지 인가요?,주말 주문 건양이 많아 현재 순차적으로 발송 중에 있어요. 출고가 하루 이틀 정도 늦어질수도 있어요.
796,제조일자가 언제 고 유통기한은 언제인가요?,제조일 :16년 12월 유효기간 :21년12월입니다. 구매에 참고해 주시기 바랍니다.
797,상처 치료 때문에 그러는데 발송언 제쯤 되나여?,내일 출고가 가능할 거 같습니다. 다시 한 번 사과드리며 익일 빠르게 출고할수 있도록 하겠습니다.
798,,
799,31일 주문했는데 혹시 오늘 배송 출발하지요,내일 입고 예정이긴 한데 들어오는 시간에 따라 금일 또는 다음 주에 출고될수도 있어요.
800,,
801,도착 예정 날짜를 알수 있을까요?,금일 출고 예정이십니다.
802,어찌 된 건가요?,개인정보보호법으로 인해 저희에게는 질문 내용만 넘어와 있는 상태입니다.
803,유통기한이 언제까지 인가요?,저번 주 출고 건까지 2021년 8월입니다. 현재 금일수입원으로 발주가 들어간 상태이며 고객님께 출고되는 기간은 내일 또는 모레 출고가 가능할 거 같습니다.
804,어제 주문했는데 오늘은 배송이 되나여?,금일 출고 예정이세요 빠르게 출고할수 있도록 하겠습니다.
805,오늘 출고됩니까?,주말 건물량으로 인해 당일 출고가 어려울수도 있어요. 이 점 참고 부탁드리며 최대한 빠르게 출고할수 있도록 최선을 다하겠습니다.
806,,
807,배송 내 일 받아볼수 있을까요?,금일 입고 예정이라 빠르면 금일 중에 출고가 되고 입고 시간이 늦어지면 내일 출고가 될수도 있어요.
808,방금 주문했는데 방금 주문했는데 오늘 내로 출고가 가능한지요?,금일 및 내일은 출고가 사실상 어려울 거 같습니다. 빠르게 출고할수 있도록 최선을 다하겠습니다.
809,연휴가 기네 여지금 주문했는데 언제쯤 받을수 있을까요?,연휴로 인해 예상을 다음 주 월요일까지는 하셔야 할 거 같습니다.
810,,
811,배송문의 30일 결재했는데 왜 배송이 안 되었음?,어제까지 근로자에 날이라 택배업무가 오늘부터 정상가동됩니다. 주문 건 확인 후 빠르게 출고할수 있도록 하겠습니다.
812,금일 출고금 일출고 가능하려져?,금일 창고 입고 예정인데 아직 입고가 되지 않아서요입고가 늦으지면 내일 출고될수도 있어요.
813,출고가 된 건가요?,19일 날 저희 창고로 제품 입고 예정이었으나 입고가 늦어 저금일입고가 될 거 같습니다.
814,배송문의 배송 언제쯤 됨?,듀오덤이금일 입고 예정으로 고객님께는 금일 출고 예정이십니다. 빠르게 출고토록 하겠습니다.
815,여기가 싸고 재구매가 많다고 해서 구매하려고 하는데 최근 상품이 오는 거죠?,발송은 내일 가능하시며 제조년 월일 및 유통기한은 박스 및 제품에 표시되어 있어요.
816,배송 출고 오늘 되져?,네 오늘 출고 가능하십니다 주문건 확인 후 빠르게 출고토록 하겠습니다.
817,바로 배송되지,금일재고 많습니다 주문건 확인 후 바로 출고하도록 하겠습니다.
818,,
819,배송문의 배송 언제 되나유?,듀오덤 EX가 금일 입고 예정으로 빠르면 금일 중에 출고가 가능하며 늦어지면 내일 출고가 될수 있어요.
820,배송 언제돼 나요급하게 필요하여 주문한 건데요 배송 시작 언제됍니까?,연휴로 인해 예상을 다음 주 월요일까지는 하셔야 할 거 같습니다.
821,유통기한 유통기한이 언제까지 인가요?,유효기간은 2021년 7월입니다.
822,정품 맞나요?,정품 맞아요. 걱정 안 하시고 사용하셔도 됩니다.
823,배송 오늘은 출고 하겠죠,현재 금일 듀오덤이 입고 예정이라 입고되는 대로 바로 출고토록 하겠습니다.
824,발송은 언제 됩니까?,현재 이번 주 중 입고 예정인데 정확한 날짜는 아직수입원 측으로부터 받지 못한 상황입니다.
825,,
826,출고는 언제 출고가 언제 됨?,현재 듀오덤 EX 발송이 일시적인 재고 부족으로 인해 이번 주 중 안에 출고가 될 거 같습니다.
827,배송 언제 주문했는데요배송 빨리 가능할까요?,주문건 확인 후 금일 출고토록 하겠습니다.
828,,
829,방수테잎 잘라서 사용 가능한지 그리고 어디 제품인가요?,잘라서 사용하셔도 되며 3M 테가 덤입니다. 구매에 참고하시기 바랍니다.
830,10X 10/10X 10이 사이즈 맞아요?,네 맞아요. 구매에 참고하시기 바랍니다.
831,지금 주문하면 연휴 지나고 옴?,네 택배가 마감되어 명절 연휴 끝나고 일괄 발송 처리됩니다.
832,내일 써야 하는데 방금 주문했는데 혹시 내일 안에 받아볼수 있을까요?,주문건 확인 후 금일 출고토록 하겠습니다.
833,박스 겉면에 보면 5CMX 10M 라고 나와 있는데 적어 두신 설명을 보면 5M 라고 나와 있어서요 길이가 어찌 되나요?,답변 드립니다. 롤형 방수 테이프 5CMX 10M 가 맞아요.
834,급한데요 당일 발송되겠죠,금일 출고 가능하십니다. 주문 건 확인 후 빠른 출고하도록 하겠습니다.
835,배송문의 저번 주 주문했는데 아직 배송도 시작 안 했내요?,12월 5일 결제하신 걸로 확인되고 있어요. 내일 듀오덤이 창고 입고 예정이라 내일쯤 발송될 거 같습니다.
836,금일 배송 가능한가요?,주문건 확인 후 금일꼭.발송토록 하겠습니다.
837,유통기한이 어떻게 되져?,2021년 5월까지입니다. 구매에 참고하시기 바랍니다.
838,유통기한 언제까지 인가요?,2021년 5월입니다. 구매에 참고하시기 바랍니다.
839,배송은 언제 시작하나요?,배송이 늦어진 점 사과드립니다. 저번 주입고 예정이었으나 택배 사 물량 증가 및 주말 휴일로 인해 금일 또는 내일 제품이 입고될 예정이에요.
840,몇 시까지 주문하면 출고되나요?,현재 물량 증가로 인해 다음 주에 발송이 가능할 거 같습니다.
841,어제 구매했는데 언제 배송 시작되겠죠,금일 제품이 입고되어 금일 발송될 예정이십니다. 하루만 참아주세요.
842,,
843,금일 배송 가능한가요?,네 출고 가능하십니다.
844,금일 발송 가능한가요?,네 금일 발송해 드릴께요.
845,방수 테이프 테이프형 말고 10X 12 이런 거 잘라서 사용 가능한가요?,잘라서 쓰는 것도 가능하세요.
846,제품 그러면 쓸 때 즉시 잘라서 쓰면 상관없을까요?,손톱 4분의 1이면 너무 짤게 자르셨어요. 그럴 경우 처음에 문의주신 대로 안 띄어지는 문제가 발생될수 있어요.
847,,
848,배송 관련 배송 준비 중인데 언제 배송될까요?,금일 발송 처리가 될 거 같습니다.
849,문의 드름이요 효과는 동일하죠?,네 사용하셔도 됩니다. 추석 연휴로 인해 발송은 19일부터 합니다.
850,,
851,아이가 상처가 났는데 아주 조금 밖에 안 남았네요. 어느 택배지요?,oooo며 주문건 확인 후 금일꼭.배송토록 하겠습니다.
852,내일 발송될까요?,네 주문건 확인 후 발송처리해드릴께요.
853,유통기한 유통기한 언제까지 인가요?,2021년 1월입니다. 구매에 참고하시기 바랍니다.
854,,
855,사이즈가 4X 4가요?,10CMX 10CM 이렇게 표기된 겁니다.
856,,
857,빠른 배송 빠른 배송 바람. 내 일 받을수 있나유?,빠른 배송토록 하겠습니다.
858,문의듀오 덤 유통기한 언제까진 가요?,2020년 7월입니다. 구매에 참고해 주시기 바랍니다.
859,문의배송된다는 문자 받았는데 배송조회가 안 나오네요 언제 받을수 있을까요?,상품은 어제 선포장이 되었고 택배는 금일 오전에수거되었어요. 아마 내일수령하실 거 같아요 참고해주세요.
860,오늘 발송될까요?,네 금일 발송되세요.
861,설 연휴 배송 언제까지 결제 완료해야지 설 연휴 전에 배송되지,16일 오후 3시까지입니다.
862,,
863,유통기한 유통기한 어떻게 되,17년 이상입니다.
864,유통기한이 어떻게 되요?,2018까지입니다.
865,배송 어제 저녁에 주문했는데요오늘 출고 가능할까요?,어제 저녁에 출고되셨습니다 지금은 익산터미널에 있어요.
866,냄새가 왜 이렇게 심한가요?,일단 지금까지 판매되던 상품과 동일한 상품이며 약품 냄새가 날수 잇지만 미미합니다.만약 상처 부위에 붙이시고 난 다음에 냄새가 나는 거면 약품을 상처 부위에 붙였기에 나는 냄새일수 있어요.
867,,
868,어제 주문했습니다 어제 주문했는데 급하게 써야 해서요 내일은 받아볼수 있을까요?,발송처리는 오늘 되십니다. 빠르시면 내일 받아보실수 있을 꺼 같습니다.
869,지금 주문했는데 오늘 꼭 출고될수 있는 거 맞죠?,주문 확인 후 오늘 발송 처리해드릴게요.
870,오늘 발송되지요,어제 발송 처리되셨습니다.
871,제조일자 유통기한 문의 제조일자랑 유통기한이 어떻게 됩니까?,2017년까지 인 제품입니다.
872,발송문의 오늘 2시에 주문했는데 오늘 발송되겠죠,발송처리되었어요.
873,,
874,씬과 CGF 차이는 뭐져?,성능이나 효과는 같으시구요씬은 얇게 나온 상태구 CGF는 두꺼운 제품이예요.
875,,
876,,
877,배송 내일까지 도착 가능한가요?,발송처리는 오늘 해드리나 택배사의 사정에 따라 각 지역마다 배송일시가 틀려질수 있어요.
878,,
879,결제했는데요영수증 하나만 같이 보내주실수 있,문의 내용을 보지 못하고 상품을 발송 처리시켜버렸네요.
880,묶음배송 가능한가요?,요 묶음 배송 가능해요. 주문하실 때 메모란에 꼭 한번 남겨주세요.
881,사이즈가 어떻게 되지,9.7 9.7로 소수점 반올림하여 10 10으로 측정하구 있어요.
882,오늘 발송되는지요?,발송처리되어 간선하차된 상태입니다.
883,배송을 월요일까지 받았으면 좋겠네요 가능할까요?,상품 발송은 저희가 오늘 발송 처리해드릴게요. 택배는 토요일이나 월요일쯤 받으실수 있겠습니다.
884,물건 소독하는데 사용해도 되나요?,네 사용 가능해요.
885,오늘 시켰는데 언제 배송될까요?,오늘 발송 처리됩니다.
886,3개의 상품 다의약외품인가요?,네 맞아요.
887,,
888,가격도 올리고 배송도 시작 안 했네요?,알콜 원 액 자체가 공급사에서 인상되었어요.
889,어떻게 된 건가요?,안내가 늦어졌습니다. 현재 제품이 품절 상태에요.
890,결제한 지 몇 일 지났는데 배송 언제 하시쥬?,제품이 품절 상태에요.
891,,
892,계피스 프레이 만들 때에탄올이거쓰는 거 맞나유?,네 맞아요.
893,플라스틱이나 고무를 소독용액에 넣어두면 싹을수 있나요?,일단 소독용액담는 통 자체가 플라스틱 말통이기 때문에 플라스틱은 유효기간 내에는 삭거나 하지는 않을 꺼 같습니다.고무도 단기간 내에 금방 삭거나 하지는 않겠지만 시간이 지나면 언젠가는 결국 삭기는 할꺼 같아요.
894,제형 이물인가요?,더마틱스 울트라 제품과 더 마틱스 울트라키즈 제품의 경우 밀도 차이가 있어 더마틱스 울트라키즈 제품의 제형이 더 묽은 제품입니다.
895,,
896,군부대로 주문해도 배송이 가능한가요?,택배사는 oo oo로 군부대 사서 함주소의 경우 상품이 정상적으로 도착하지 않을수 있어요.
897,더마틱스 울트라 구매하려 하는데수술한 지 오래되었는데 사용해도 효과 있을까?,더 마틱스 울트라 제품의 경우 최소 3 - 6개월 이상 꾸준히 사용해주시면 효과를 오래된 흉터에도 보실수 있어요.
898,전에 약국에서 산거랑제형 이 틀려요 정품 맞아요?,정식 유통 라인을 저희 oo ooo에서 판매하는 제품들은 통한 약국 정품이 맞아요.
899,리메스카스틱 바르고 그 위에 더 마틱스 울트라 덧발라도 되지요,더 마틱스 울트라 제품의 경우 흉터 부위를 깨끗이 씻고 건조시킨 후에 사용하시는 것을 권장 드립니다.
900,제왕절개 더 마틱스 울트라 많이 사용 하지요,고객님네 재왕절개 이후 생긴 켈로이드 또는 비대성 흉터에 효과 있는 제품입니다.
901,자기 전 약 바르고 대일 밴드 붙여도 되나요?,연고 사용 후에는 1 - 2분가량 방치자연 건조하여 흡수시켜주시는 게 좋습니다.
902,정품인가요?,정식 유통 라인을 저희 oo ooo에서 판매하는 더 마터치 더 마틱스 제품들은 통한 약국 정품입니다.
903,6살 아이 눈 바로 밑에 손톱에 긁혀 지금은 딱지가 앉았는데 어떤 제품이 좋을까요?,흉터치유 목적의 제품은 딱지가 떨어지고 상처가 모두아무 신 후에 사용하시는 것을 권장 드립니다.
904,눈꺼플 위에 흉터가 생겨서요 22개월인데 더 마틱스 울트라발라도 되나요?,더 마틱스 울트라 제품과 키즈 제품은 밀도 차이가 약간 있으며 성분은 동일합니다.
905,정품인가요?,정식 유통 라인을 저희 oo ooo에서 판매하는 모든 제품은 통한 정품 제품입니다.
906,상처가 7개월 정도 지나 흉터로 남았는데 제거 가능할 가요?,효과를 흉터 치유 목적의 연고 제품은 오래된 흉터에도 보실수 있어요. 다만 흉터나 살성에 따라 효과 차이 있는 점안 내드립니다.
907,혹시 화상상처에도 써도 됩니까?,제품은 상처가 아문 후 흉터에 사용하시는 제품입니다 사용에 참고 바랍니다.
908,,
909,무료 배송 받으려면 얼마나 가격이 되어야 하나요?,더마틱스 제품의 경우 무료 배송 정책이 없는 상품입니다고객님들께 더 좋은 가격으로 드리기 위해 더욱 노력하겠습니다.
910,7살 아이키즈용 말고 일반 더마틱스 울트라 써도 괜찮은가요?,더마틱스 울트라키즈 제품이 제형이 더 가벼운 제품입니다. 더마틱스 울트라 사용하셔도 무관합니다.
911,,
912,빠른 배송 부탁드립니다 판매자님 오늘 출고되나유?,구매하신 제품은 금일 출고됩니다.
913,타이레놀이나 아스피린 같은 중형 알약도 완전 분쇄 가능한가요?,완전 분쇄가 되어 고운 가루 형태는 만들기 어렵습니다. 알약이 부서지는 정도라고 보시면 될 듯합니다.
914,,
915,입고 않되나유?,제품은 품절입니다.
916,언제 배송 시작 하나요?,주문하신 상품은 금일 oo택배로 출고됩니다.
917,정품 맞지요?,판매 저는 정품만 취급하고 있어요. 주문하신 상품은 금일 oo택배로 출고됩니다.
918,화요일 발송하여수요일 받을수 있다고 했는데 언제쯤 배송될까요?,제품 22일 출고 건으로 확인됩니다. 출고 제품은 택배 사물류량에 따라 2 - 3일 정도 더 소요되 실수 있어요.
919,접착력이 왜 없는 거죠?,주문하신 제품 박스 뒷면에 보시면 보관 온도가 안내되어 있습니다 듀오덤이 차가 우면 잘 떨어지지 않아요.
920,점 빼고 붙일려고 구매했는데 병원에서 준 거랑 두깨가 같은 줄 알고 구매했는데 넘두꺼워서 외출 시에 사용할수가 없을 거 같아서 재구매할려고 그러는데 얼굴에 붙이고 화장해도 표가 안 나는 아주 은 것도 있,상품 페이지의 듀오덤과 컴포케어는 두께가 비슷한 제품입니다. 참고 후 구매 부탁드립니다.
921,배송 언제 될까요?,휴무 안내를 상세정보상에 8월 1일부터 5일까지 못 보신 듯합니다. 금일 oo택배로 출고 예정이에요.
922,배송됩니까?,주문하신 상품은 금일 oo택배로 출고됩니다.
923,1번 듀오덤 유통기한 2022년 맞죠?,듀오 덤 유통기한은 상세 페이지에 기재되어 있듯 22년 제품 출고 중이며 출고 시점에 따라 유효기간은 변경될수 있어요.
924,1번 유통기한 18년 12월 말고 없니,정확한 제품명으로 재문의 부탁드립니다.
925,,
926,판매 중인 알코올솜 제품과 같이 주문하려고 하니 배송비가 붙습니다 어떻게 주문해야 할까요?,착불선택이 가능한 경우 착불선택하신 후 묶음배송요청 글 남겨주시면 처리드리고 있어요.
927,컴포케어 에코 패치 원형은 여드름 패치로도 사용 가능한가요?,여드름 패치로 사용 가능하십니다. 두께는 얇기는 하나 화장했을 때 표시는 나실수 있어요.
928,사이즈 10 10 제품 맞음?,선택하신 듀오덤 상품은 상품 페이지 표기사항대로 10CMX 10CM 사이즈의 상품입니다.
929,오늘도 배송 하나요?,휴무일로 인하여 답변이 늦어진 점죄송합니다. 토 일 공휴일은 당사의 휴무로 인하여 출고가 불가하며 당사의 당일 출고 마감시간 기준은 오후 3시 이전까지의 주문건입니다.
930,,
931,배송 언제쯤 해주나요?,주문하신 상품은 금일 우체국 택배로 출고됩니다.
932,,
933,병원에서 쓰는 그런 동그란 그런 건가요?,알콜솜은 낱개 포장알콜솜으로 문의주신 내용 중 네모난 종이라고 말씀하신 상품입니다.
934,내일 급히 필요한 거라 당일 3시 전까지 주문건은 당일 출고라 하셔서 지금 주문했는데 오늘 출고되는 거 맞죠?,주문하신 상품은 금일우체국 택배로 출고됩니다.
935,방수될까?,상품은 방수 상품이 아닙니다.
936,유효기간과 배송방금 주문했는데 내일 배송받을수 있지,금일 출고되시며 빠르면 익일 늦으면 2 - 3일 걸리 실수 있으십니다. 유통기한은 2년 이상 여유 있으십니다.
937,꼼꼼히 확인하시어하자 없는 제품 부탁드리구요 토요일까지 받아야 하는데 빠른 배송 부탁드립니다 가능할까요?,우체국 택배로 배송 출고되십니다. 빠르면 익일수령 가능하십니다.
938,,
939,몇 살부터? 5개월 아이 사용 가능한가요?,어린아이도 사용 가능한 제품입니다 제품수령 후 기간 경과 건의 경우 반품 및 교환 처리가 어려워지니 상품수령 직후 불량 여부 확인 바랍니다.
940,저기 여 오늘 주문하면 언제 받을수 있나여?,금일 배송은 오후 3시 이전에 주문 주시면 당일 출고 가능하시며 이후 주문건은 다음날 출고됩니다.
941,유통기한 설명서에 유통기한이 제조일로부터 5년이던 데 다른 답변 보면 18년 도로 된 제품 보낸다는 거는 2년 전에 만든 제품 파시는 건가요?,현재 출고되는 상품은 19년도까지 사용 가능하신 제품이 출고되고 있어요.
942,사이즈가 어떻게 되요?,10CMX 10CM 입니다 상품 정보 이미지에서 확인 가능하십니다.
943,당일 발송 당일 발송 몇 시 주문까지 인가요?,오후 3시 이전 주문건까지 당일 출고되십니다 상품 페이지에 배송 안내가 되어 있으니 주문 전 꼭 확인해주시기 바랍니다.
944,,
945,유통기한 언제까지 인가요?,2년 이상 유효기간 남아 있으신 제품 출고 중이십니다.
946,살이 찌면서 다리 쪽에 튼살이 막 생겼는데 여기도 효과 있니,튼살은 튼살 전용 크림을 사용하셔야겠네요. 붉은 혈관 정도라면 치료 가능하겠지만 하얀 선으로 변한 것은 힘들 듯 하네요.
947,이거 진짜 약국에서 파는 거라 동일 제품 맞죠?,맞아요.
948,화상흉터에도 써도 되,화상은 상처의 깊이나 색소침착에 따라 제품을 사용 시 결과가 다를수 있어요.
949,,
950,oooo와 ooo의 차이점이 뭔가요?,두제품 모두MB필터3중 마스크 제품으로 제조사의 차이입니다.
951,상품 오더하고 하루 만에 가격에 2000원이 떨어지네요?,마스크 품목 특성상 변동이 많은 제품으로 구매수량 및 단가 등 주문수요 및 제품 입고 물량에 따라 그때그때 변동될수 있는 점 양해 부탁드려요.
952,"물을 마스크의 주름 방향이 아래쪽이 앞쪽 앞면에 부어보면 어느 정도 흡수가 되고, 반대로 내부 면에 물을 부어보면 방수가 됩니다. 주름 방향과 끈의 위치가 뒤바뀐 거 아닌가요?",이어 밴드 끈이 부착되어 있는 면이 앞면으로 해서 착용하여 주시면 됩니다.
953,어느 쪽이 앞인가요?,이어 밴드 끈이 부착되어 있는 면이 앞면으로 해서 착용하여 주시면 됩니다.
954,1번 oooo덴탈 마스크 부직포랑 필터가 중국산인가요?,oooo덴탈 마스크 제품의 필터와 부직포는수입산입니다만 마스크 제작의 모든 공정을 국내에서 진행하여 안심하고 사용하실수 있어요.
955,구매했어요택배상자에 마스크 문구 대신 생활용품으로 적어주시면 안 될까요?,포장작업을 만 물류에서 택배송장에 표기된 품목과수량으로 분류 및 하기 때문에 송장 제품명수정이 어려운 점 양해 부탁드려요.
956,덴탈 마스크의약외품인가요?,옵션1번 oooo덴탈 마스크는 의약외품 KF AD 마스크는 아닙니다만 마스크 제작의 모든 공정을 국내에서 진행하여 안심하고 사용하실수 있어요.
957,,
958,MB필터는 국산인가요?,옵션1번 덴탈마스크는 필터와 부직포는수입산입니다만 마스크 제작의 모든 공정을 국내에서 진행하여 안심하고 사용하실수 있어요.
959,덴탈 마스크 식약처 인증받은 제품인가요?,oooo덴탈 마스크는 식약처 인증 의약외품은 아닙니다만 마스크 제작의 모든 공정을 국내에서 진행하여 안심하고 사용하실수 있어요.
960,더마틱스 울트라키즈 7개월 아기가 발라도 되나유?,사용 가능해요.
961,7개월 아기가 발라도 되겠죠,어떤 상품이 신지 남겨주시면 빠른 안내도와 드리겠습니다 오늘도 좋은 하루 되세요.
962,더마틱스 울트라 구입했는데요 이 연고 아침저녁으로 바르고 바른 위에 반창고 같은 거 붙이는 거 아니죠?,더마틱스 울트라 제품은 바르신 후에 빠르게 건조되는 제품입니다
963,딱 지졌을 때부터 발라도 되나여?,제품은 상처가 아문 후에 사용하시는 제품입니다 사용에 참고 바랍니다.
964,아이가 이마가 찢어져서 꿰맸는데요혹시 실밥 풀고 며칠 만에 써야 할까요?,제품은 상처가 아문 직후 사용하실 때 효과가 가장 좋은 제품이지만 오래된 흉터에 도 사용 가능해요.
965,메피폼이랑 번갈아 사용하면 효과가 떨어지나유?,오늘도 좋은 하루 되세요.
966,,
967,더 마스틱 키즈랑 일반이랑 무슨 차이인가요?,두상품 밀도 차이가 있어요.
968,더 마터치도 아이가 사용해도 될까?,사용 가능해요.
969,더마틱스 울트라 바르고 화장. 비비크림 사용해도 될까?,사용 가능하십니다.
970,,
971,무료 배송 상품이랑 같이 주문하는데 자꾸 배송비가 붙네요 합배해서 배송비 없이 받을수 없음?,주문해 주시는 상품 크기에 따라 다른 박스로 배송되는 경우가 있어 정확한 안내가 힘든 점 양해 부탁드려요.
972,다름이 아니라 개봉해보니 제가 원래 사용하던 약국에서 직접 구매한 더마틱스와 글씨색과 디자인 색이 다르던데 약국에서 파는 거랑 다른 제품인가요?,내용 답변 드립니다. 약국이랑 같은 제품 맞아요.
973,,
974,더마틱스랑더 마토치? 랑 같은 맥락인 거예요?,내용은 성분 차이에 있어요. CPX 성분은 같으나 터마 올리브 오일을 터치는 함유하고 있고 더 마틱스는 비타민C를 함유하고 있어요.
975,,
976,더 마터치 울트라수유부가 발라도 괜찮을까요?,네수유부가 사용하셔도 됩니다.
977,더마틱스 울트라겔 7G 15G 유효기간이 언제까지 인가요?,7G 은 21년 5월 15G 은 21년 9월입니다.
978,와이프가 화상 입어서 급해서 구매한 거라고 분명 희전화로 이야기까지 했는데요오늘도 착한다면서요?,택배사 사정으로 인해서 발송 후 1 - 3일 정도 걸릴수 있는 점 양해 부탁드려요.
979,,
980,튼살엔 뭐가 좋지,가까운 약국에서 튼살크림을 구입하시면 됩니다. 실리콘겔은 비후성 흉터에 사용하는 제품입니다.
981,피부과 레이저 시술 후 재생연고로 발라도 되나요?,안 됩니다. 재생연고와는 성분도 작용도 다릅니다.
982,오늘 발송이 안 되었네요?,오늘 발송되십니다 기사님 게서 바코드 리딩 하시고 전산에 반영되는데 시간이 좀 걸려서 그렇습니다.
983,1번이랑 2번 차이가 뭐예요?,주성분은 같습니다. 비타민C를 단 더마틱스 울트라는 더 마터치 울트라는 올리브유를 추가로 넣었습니다.
984,,
985,,
986,PET로 구입할 예정이고 캠핑 다닐 때 양념소 분 목적입니다. 평균적으로 구입하는 게 몇 CC일까요?,양념소분의 경우 30CC 도 많이 사용하시고 45CC 추천 드립니다.
987,화장품에 쓸 예정인데 화장품 넣기 전에 소독은 어떻게 하는 게 좋나요?,PE.PP 재질의 경우 소독기나 열탕 소독스팀 소독 어떤 방법을 사용하셔도 가능하시나 소독 시간이 나 온도에 따라 변형 변색이 있을수 있는 점 양해 부탁드려요.
988,,
989,뚜껑 크기는 다 똑같나요?,캐릭터 마개의 경우 똑딱이 방식으로 여닫는 경우이고 대마개병을 나머지의 경우는 마개가 돌리는 방식으로 제외한 나머지 사이즈 같이 사용하실수 있어요.
990,,
991,사용하기 전에 세척하고 사용해야 하지요,배송 과정에서 이물질 혼입이 되실수 있어요. 사용 전 세척을 꼭 권해드립니다.
992,젖병소독기 사용 가능한가요?,PET 소재 제외하고 젖병소독기 사용 가능해요. 온도나 시간에 따라 변색되실수 있어요.
993,묶음배송은 안 됨?,한 가지는 착불로 해주시거나 아님 결재 후배송요청란에 글 남겨주시면 확인 후 제품에 추가된 배송비 입금해 드릴게요.
994,,
995,뚜껑이랑 몸체랑 호환되,네 대마개를 제외하고는 일반 긴 마개나 짧은 마개는 호환됩니다.
996,약병과 oooo 비타민C를 주문하면 합배송이 되나여?,배송비 결재해서 배송요청란에 배송비 이중부과 알려드려주시면 동봉해서 보내드릴게요.
997,물로 씻고 뚜껑을 나서 닫을 때는 엄청 뻑뻑해서 잘 안 잠궈지는데 혹시 왜 그런 걸까요?,물로 씻어서 뻑뻑해지는 경우는 없얻요. 건조사용하시면 되시구요 소재에 따라 조금 빡빡하게 닫히는 경우는 있어요.
998,,
999,박스가 돼지고기 박스에 옴? 반품 할래요 그냥,포장된 박스는 재활용 박스가 아닌 새박스로 박스 공장에서 바로 나온 새박스입니다.
1000,,
1001,방금 구매하였구요 오늘 발송해 주시는 거 맞죠?,금일 발송되세요.
1002,2번 PP 재질은 누르면 말랑말랑 합니까?,말랑이 재질은 PE 재질입니다.
1003,긴 마개는 똑하고 눌러 닫는 건가요?,일반 긴 마개는 돌려닫는 식이고 캐릭터 마개는 똑딱이 방식입니다.
1004,국산인가요?,약병은 국산 제조입니다.
1005,노란 오리로요청했는데 파란 펭귄이 왔어요 이거 교환은 안 됨?,캐릭터의 경우는 저희가 재고 있을 시는 최대한요청하신 건으로 맞춰서 발송해 드리고자 하나요청하신 재고 부족시는 부득불랜덤 발송이 되세요.
1006,,
1007,PE 약병 젖병소독기나 열탕소독 가능한가요?,두가지 다 가능하시나 사용하시는 시간이 나 온도에 따라 변색 변형되실수 있어요.
1008,여기에 적어도 되니,확인 후요청하신 건으로 최대한 맞춰서 발송해 드릴게요.
1009,오늘 주문했는데 이번 주 받을수 있을 아요?,오늘 4시 이 전 주문건은 오늘 발송되세요. 아직은 당일 배송이 되시는 듯 하시구요 배송사 사정에 따라 1 +2일 배송 지연되실수 있어요.
1010,멸균처리된 약통 아닌가요?,멸균처리된 제품은 아닙니다. 배송 과정에서 이물질 혼입 가능성 있으시니 세척 후 사용을 권해드립니다.
1011,,
1012,토끼 뚜껑 어떻게 사나유?,캐릭터 마개로 주문서 주시구요 배송요청란에 토끼 배송요청 글 남겨주세요.
1013,언제 받을수 잇나요?,주문서 오늘 확인되셨구요 오늘 발송되시면 빠르면 내일이나수요일 받으실수 있어요.
1014,PE로 30CC 60CC 1단위로 눈금이 있습니까?,PE.PP 제품은 일눈금이 되어 있구요 PET 소재는 안 되어 5눈 금입니다.
1015,,
1016,,
1017,,
1018,PE 약병 끓는 물 소독이나 전자레인지 가능한가요?,꼻는 물이나 소독기 소독 가능하시나 온도나 시간에 따라 변색이나 변형되실수 있어요.
1019,12CC 긴 마개랑 200CC 약병이 호환이 되니,마개호환 가능합니다 긴 마개따로 구매 가능해요.
1020,긴 마개는 30CC 용량은 없음?,30PE 긴 마개 구매 가능하시구요긴 마개 없을 시 짧은 마개로 30PE 주문서 주시고 배송요청란에 긴 마개로 적어주시면 긴 마개 배송 나가도록 하겠습니다.
1021,방금 주문했는데 언제 출고될까요?,주문서 확인되셨구요 오늘 출고되세요.
1022,물에 헹궈서 사용하면 물이랑약이랑 섞일 거 같은데요 꼭 물에 행궈서 사용해야 되는 이유가 뭐에요?,약병의 경우 멸균 포장이 아니다보니 소독 후 포장되어 출고되나 이물질 혼입되 실수 있어요.
1023,전 100개 짜릴 시킨 건데이건. 왜 99개만 짝이 다 맞고 2개는 몸통만 남는 걸까요?,무게로 해서 포장이 되다보니 약병의 무게에 따라 98 - 102까지수량 오차가 발생하고 있어요.
1024,뜨거운 물을 넣어도 환경호르몬이 나오지 않습니까?,PEPP 재질 둘 다 열탕 소독은 가능하시 나 온도나 시간에 따라 변형되실수 있어요.
1025,HDPE인가요?,저희 제품은 LDPE 제품입니다. 마개 동일합니다.
1026,,
1027,PP 재질과 PE 재질 고민 중인데 어떤 게 더 아기 약병으로 더 잘 쓰이나요?,현재 아기약병으로는 PP나 PE 제품 둘 다 많이 사용하시는 사이즈이나 캐릭터나 소재의 특성상 말랑이 소재인 PE 제품이 더 많이 사용됩니다.
1028,선택란에 오리마 개선택이 안 되는데 재고가 없,캐릭터 마개의 경우는 마개 선택이 안 되시구요 옵션 선택을요렇게 해주시고 PE 재질 불투명 캐릭터 마개 용량 배송요청란에 원하시는 캐릭 색상 적어주세요.
1029,,
1030,투약병 스티커는 어디 있나요?,약병 구매 시 옵션에 없으시면 판매자의 다른 제품 보기에서 확인 착불로 선택 주문서 주시면 확인 후 동봉해드릴게요.
1031,받자마자 흐르는 물에 세척하라는 건 병 외부인지 내부를 헹구라는 건가요?,약병은 공산품이라 포장이동과정에서 이물질 혼입이 되실수 있어요. 사용 전병 내외부 한 번 세척 후 사용부탁드립니다.
1032,젤 좋은 플라스틱이 PET인가요?,현재 어떤 제품이 가장 좋다 나쁘다 말씀은 드리기가 어렵구요 음용병으로 사용되는 소재의 플라스틱이라 일회용으로 사용하시기는 다 안심하실수 있는 제품입니다.
1033,마개 케릭터는 따로 댓글 남겨야 할까요?,1남겨주신 12긴 마개반 투명의 경우는 캐릭터 마개가 아닌 제품으로 캐릭터 마개는 12PE 캐릭터 마개로 주문 주셔야 하세요.
1034,씻어서 사용하란 게 먼지 때문인가요?,네 배송 중 이물질 혼입이 되실수 있어 꼭 사용 전 세척 후 사용을 권해드립니다.
1035,캐릭터로 12CC 는 토끼밖에 없는 건가요?,토끼 오리펭귄강아지 12.20CC 다구성되어 있으시 구요 사진은 토기로 보이셔도 랜덤으로 발송되세요.
1036,,
1037,다른 상품이랑 합배 안 되는 건가요?,착불로 신청해주시거나 아님 일반 배송비 결재해주시면 추가 결재된 배송비건은 제품과 함께 발송해 드릴게요.
1038,,
1039,추가 상품 스티커는 구매가 안 될까요?,스티커의 경우 옵션 선택이 바로 되시는 마켓이 있는 방면 안 되시는 마켓이 있다보니 옵션에 없는 경우 판매자의 다른 상품보기에서 스티커 검색착 불로 주문서 주시면 동봉해서 발송해 드릴게요.
1040,캐릭터 뚜껑 분홍 토끼로 보내주세요 유팡소독기 돌려도 됩니까?,주문서 확인되셨습니다.요청하신 건으로 발송해 드릴게요.
1041,멸균으로 파는 제품 아니였겠죠,약병은 포장시 1차 소독이 되어 나오나 멸균제품은 아닙니다. 이동시 이물질 혼입이 되실수 있어 세척 후 사용을 권해드리며 젖병소독기 사용은 가능하시 나 온도나 시간에 따라 변색이나 변형되실수는 있어요.
1042,긴 마개 12CC 모두뚜껑 돌려닫는 형식인가요?,현재 판매 중인 제품은 12/20일반마개의 경우는 돌려닫는 형식이구요 캐릭터 약병 12.20은 똑딱이 방식입니다.
1043,다시 주문해야 할 거 같아서요 캐릭터 뚜껑 제품은 입구 부분 혹시 더 얇은 가요?,제품의 두께나 재질은 제조사마다 큰 차이가 나진 않으나 조금씩 차이가 나는 부분이 있어요.
1044,긴 마개 2012CC 의 뚜껑이 눌러 닫는 건가요?,일반 긴 마개는 돌려서 닫는 마개입니다.
1045,캐릭터 마개도 긴 마개 주둥이처럼 긴 거 맞죠?,캐릭터 마개는 긴 주둥이 마개에 마개가 캐릭터로 되어 있어요.
1046,좋아서 용량 큰 걸루재주문해요 혹시 오늘 배송 출발되나요?,주문서 확인되셨구요 오늘 출고되세요.
1047,약병 스티커는 추가에 없던데 어떻기 해야 해요?,스티커의 경우 추가 품목에 없으시면 주문서 아래 베스트 상품란에 약병 스티커 있으시 구요.
1048,왜 추가에 스티커는 없니,옵션 구성이 많을 경우에는 추가 구성이 안 되시는 경우가 있으신데 제품 구입하단에 보시면 판매자의 다른 상품보기에 스티커 부분 확인하시면 구입 가능하시구요.
1049,캐릭터 PE 재질 30CC 는 구매할수 없나유?,캐릭터의 경우는 12.20CC 만 구성되어 있는 제품으로 30CC 의 경우는 캐릭터 마개만 따로 구매하셔야 되세요.
1050,1번 PE 재질 12CC 긴 마개는 원터치 타입인가요?,캐릭터를 제외한 나머지 제품들은 돌려서 여닫는 마게입니다. 원 터치를 원하시는 거라면 케릭터 주문하시면 되세요.
1051,캐릭터 뚜껑 주문할 건데 꼭꼭 구분해서 사용해야 되서 강아지로 초록/노랑으로 부탁드려도 될까요?,주문서 확인되셨구요요청하신 건으로 확인 후 발송해드릴게요.
1052,항상 구매해요 이번에도 노랑오리랑 분홍 토끼로 부탁드려 용 예전에는 저런 문구가 없었는데 원래 한번 헹구고 사용해야 되지요,주문서 확인되셨구요 원하시는 캐릭터로 발송하도록 하겠습니다.
1053,,
1054,약병 처음 받아서 씻어서 사용해야 하나요?,포장 시 열 소독은 되어 나오나 멸균 처리된 제품은 아닙니다. 사용 전 꼭 세척 후 사용해주세요.
1055,,
1056,구매하기 눌러보면 5번 펭귄 모양 약병이 PE로 되어 있고 상세 설명엔 PP인데 무슨 재질이 맞는 건가요?,상세 설명이 잘못된 듯합니다.
1057,PET는 뚜껑 부분이 페트병처럼 딱딱한 가요?,PET은 딱딱한 제품입니다.
1058,이거 참뚜껑이 6개나 없네요?,수차례 클레임을공장에 걸어도 한 번씩 비는 경우가 발생을 합니다.
1059,아기 약 먹는 거 사용 전 세척해야 하지,고객님이 물질 혼입의 우려가 있어 세척 후 사용 부탁드립니다.
1060,토끼랑 오리는 긴 마개인가요?,케릭터 마개는 긴 마개입니다.
1061,혹시 소독되서 나오는 건가요?,포장 시 열처리되어 나오나 멸균제품이 아니다보니 이동과정에서 이물질이 혼입되실수 있어요.
1062,어떻게 세척해야 하지,포장 시 열처리는 되시나 이동과정에서 이물질 혼입되 실수 있어요. 약 복용시 이물질 혼입의 우려가 있어 전 세척 후 사용을 사용하시기 권장 드립니다.
1063,PP샀는데 쓰기 전 물로 헹구고 자외선 소독기 10분 돌려도 됨?,자외선 소독기에 돌리셔도 되시나 변형이나 변색의 우려가 있어요. 포장 시열처리되시나 이동과정에서 이물질 혼입이 되실수 있으셔서 사용 전 세척 후 사용 권장 드립니다.
1064,캐릭터 약병 200개 주문했습니다 핑크와 노랑으로 부탁드려요오늘 발송되나유?,주문서 확인되셨습니다.
1065,약병마개를 긴 마개로 해야 하는데 짧은 마개로 했는데 맞교환될까요?,교환 가능하시구요.
1066,,
1067,,
1068,캐릭터 마개는 긴 가요?,네긴 마개로 마개뚜껑이 캐릭터로 되어 있어요.
1069,,
1070,,
1071,세척 후 소독기 돌려도 될까요?,단시간 사용은 가능하시나 변색이나 변형되실수 있어요.
1072,수요일까지 받을수 있을까요?,주문서 확인되셨습니다. 오늘 출고는 되시는데 빠르면 내일 받으실수 있으신데 배송사 사정에 의해 1 - 2일 지연배송되실수 있으세요.
1073,,
1074,언제 배송 출발합니까?,10일부터 15일까지 휴가다보니 배송 지연되어 죄송합니다.
1075,무료 배송 상품 추가 구매 시 묶음으로 같이 무료로 배송되지,무료 배송 건 외에 주문건은 착불로 해주시면 되시구요 혹시나 안 될 시 결재하시고 배송요청란에 글 남겨주시면 동봉해 드릴게요.
1076,,
